{"ICAO": "EDKB","QNH": "1013", "METAR": "EDKB Q1013", "NAME": "Bonn/Hangelar airport"}
AITFC,12345678,50.760248,7.196124,1000,0,1,336.8607,97.87818255,DEEZU,C172,DEEZU,,,1592498678
AITFC,12345678,50.76258,7.191104,951,0,1,288.7355,83.92021632,DEEZU,C172,DEEZU,,,1592498688
AITFC,12345678,50.763952,7.185257,789,0,1,290.2587,84.94034565,DEEZU,C172,DEEZU,,,1592498698
AITFC,12345678,50.765316,7.179284,597,0,1,290.5926,87.3783148,DEEZU,C172,DEEZU,,,1592498709
AITFC,12345678,50.766684,7.173228,384,0,1,289.762,86.91082032,DEEZU,C172,DEEZU,,,1592498719
AITFC,12345678,50.768764,7.16375,196,0,0,287.9501,31.46889052,DEEZU,C172,DEEZU,,,1592498739
AITFC,12345678,50.768896,7.162331,197,0,0,244.906,16.7145314,DEEZU,C172,DEEZU,,,1592498749
AITFC,12345678,50.76832,7.161953,198,0,0,150.1277,12.00673562,DEEZU,C172,DEEZU,,,1592498759
AITFC,12345678,50.768036,7.162836,198,0,0,109.9698,16.58604331,DEEZU,C172,DEEZU,,,1592498769
AITFC,12345678,50.767744,7.164137,198,0,0,108.105,18.95461723,DEEZU,C172,DEEZU,,,1592498779
AITFC,12345678,50.7676,7.164781,197,0,0,121.6322,17.58479036,DEEZU,C172,DEEZU,,,1592498785
