dc 00 f4 de 00 15 a8 66 6c 69 67 68 74 49 64 a8 34 30 31 39 35 38 63 30 a9 74 69 6d 65 73 74 61 
6d 70 cf 00 00 01 9e ae 84 04 60 aa 61 69 72 63 72 61 66 74 49 64 a6 41 37 36 31 35 46 a7 72 61 
64 61 72 49 64 a3 32 30 30 a4 74 79 70 65 a4 41 33 35 39 ac 72 65 67 69 73 74 72 61 74 69 6f 6e 
a6 4e 35 37 35 44 5a a6 6f 72 69 67 69 6e a3 48 4e 44 ab 64 65 73 74 69 6e 61 74 69 6f 6e a3 4c 
41 58 a6 66 6c 69 67 68 74 a3 44 4c 38 a6 73 71 75 61 77 6b a4 31 34 31 33 a8 6c 61 74 69 74 75 
64 65 cb 40 40 f9 30 16 48 40 e1 a9 6c 6f 6e 67 69 74 75 64 65 cb c0 5d 9a 1e a3 59 35 fc a5 74 
72 61 63 6b cc 84 a8 61 6c 74 69 74 75 64 65 00 a5 73 70 65 65 64 00 a8 6f 6e 47 72 6f 75 6e 64 
c3 a6 76 53 70 65 65 64 00 a8 63 61 6c 6c 73 69 67 6e a4 44 41 4c 38 aa 73 6f 75 72 63 65 54 79 
70 65 b4 41 44 53 2d 42 20 46 52 32 34 20 72 65 63 65 69 76 65 72 73 a3 65 74 61 cf 00 00 01 9e 
ad 62 8e d0 a9 70 61 69 6e 74 65 64 41 73 a3 44 41 4c de 00 15 a8 66 6c 69 67 68 74 49 64 a8 34 
30 31 63 33 39 34 61 a9 74 69 6d 65 73 74 61 6d 70 cf 00 00 01 9e ae 84 08 48 aa 61 69 72 63 72 
61 66 74 49 64 a6 41 34 45 41 37 37 a7 72 61 64 61 72 49 64 a3 32 30 30 a4 74 79 70 65 a4 41 32 
31 4e ac 72 65 67 69 73 74 72 61 74 69 6f 6e a6 4e 34 31 36 41 4e a6 6f 72 69 67 69 6e a3 4c 41 
58 ab 64 65 73 74 69 6e 61 74 69 6f 6e a3 48 4e 4c a6 66 6c 69 67 68 74 a5 41 41 31 34 33 a6 73 
71 75 61 77 6b a4 37 37 32 31 a8 6c 61 74 69 74 75 64 65 cb 40 40 f8 48 be b5 b2 d5 a9 6c 6f 6e 
67 69 74 75 64 65 cb c0 5d 99 fc e3 15 0d ae a5 74 72 61 63 6b cd 01 3d a8 61 6c 74 69 74 75 64 
65 00 a5 73 70 65 65 64 00 a8 6f 6e 47 72 6f 75 6e 64 c3 a6 76 53 70 65 65 64 00 a8 63 61 6c 6c 
73 69 67 6e a6 41 41 4c 31 34 33 aa 73 6f 75 72 63 65 54 79 70 65 b4 41 44 53 2d 42 20 46 52 32 
34 20 72 65 63 65 69 76 65 72 73 a3 65 74 61 c0 a9 70 61 69 6e 74 65 64 41 73 a3 41 41 4c de 00 
15 a8 66 6c 69 67 68 74 49 64 a8 34 30 31 63 32 66 38 31 a9 74 69 6d 65 73 74 61 6d 70 cf 00 00 
01 9e ae 84 08 48 aa 61 69 72 63 72 61 66 74 49 64 a6 41 34 41 44 37 46 a7 72 61 64 61 72 49 64 
a3 32 30 30 a4 74 79 70 65 a4 41 54 34 36 ac 72 65 67 69 73 74 72 61 74 69 6f 6e a6 4e 34 30 30 
4a 58 a6 6f 72 69 67 69 6e a3 53 4d 4f ab 64 65 73 74 69 6e 61 74 69 6f 6e a3 4c 41 53 a6 66 6c 
69 67 68 74 a6 58 45 31 31 38 33 a6 73 71 75 61 77 6b a4 34 36 30 32 a8 6c 61 74 69 74 75 64 65 
cb 40 41 02 81 98 f1 d3 ed a9 6c 6f 6e 67 69 74 75 64 65 cb c0 5d 9c a8 43 80 88 51 a5 74 72 61 
63 6b 6d a8 61 6c 74 69 74 75 64 65 00 a5 73 70 65 65 64 00 a8 6f 6e 47 72 6f 75 6e 64 c3 a6 76 
53 70 65 65 64 00 a8 63 61 6c 6c 73 69 67 6e a6 58 45 31 31 38 33 aa 73 6f 75 72 63 65 54 79 70 
65 b4 41 44 53 2d 42 20 46 52 32 34 20 72 65 63 65 69 76 65 72 73 a3 65 74 61 c0 a9 70 61 69 6e 
74 65 64 41 73 a3 4a 53 58 de 00 15 a8 66 6c 69 67 68 74 49 64 a8 34 30 31 63 34 32 33 39 a9 74 
69 6d 65 73 74 61 6d 70 cf 00 00 01 9e ae 83 f4 c0 aa 61 69 72 63 72 61 66 74 49 64 a6 41 43 35 
41 42 37 a7 72 61 64 61 72 49 64 a3 32 30 30 a4 74 79 70 65 a4 42 33 38 4d ac 72 65 67 69 73 74 
72 61 74 69 6f 6e a6 4e 38 39 35 33 51 a6 6f 72 69 67 69 6e a3 4c 41 58 ab 64 65 73 74 69 6e 61 
74 69 6f 6e a3 4c 41 53 a6 66 6c 69 67 68 74 a6 57 4e 31 35 37 31 a6 73 71 75 61 77 6b a4 34 37 
32 33 a8 6c 61 74 69 74 75 64 65 cb 40 40 f9 41 74 3e 96 3e a9 6c 6f 6e 67 69 74 75 64 65 cb c0 
5d 99 a5 b9 62 8c bd a5 74 72 61 63 6b cd 01 08 a8 61 6c 74 69 74 75 64 65 00 a5 73 70 65 65 64 
00 a8 6f 6e 47 72 6f 75 6e 64 c3 a6 76 53 70 65 65 64 00 a8 63 61 6c 6c 73 69 67 6e a7 53 57 41 
31 35 37 31 aa 73 6f 75 72 63 65 54 79 70 65 b4 41 44 53 2d 42 20 46 52 32 34 20 72 65 63 65 69 
76 65 72 73 a3 65 74 61 c0 a9 70 61 69 6e 74 65 64 41 73 a3 53 57 41 de 00 15 a8 66 6c 69 67 68 
74 49 64 a8 34 30 31 63 34 33 31 32 a9 74 69 6d 65 73 74 61 6d 70 cf 00 00 01 9e ae 84 04 60 aa 
61 69 72 63 72 61 66 74 49 64 a6 41 42 43 30 33 35 a7 72 61 64 61 72 49 64 a3 32 30 30 a4 74 79 
70 65 a4 42 37 33 38 ac 72 65 67 69 73 74 72 61 74 69 6f 6e a6 4e 38 35 36 31 5a a6 6f 72 69 67 
69 6e a3 4c 41 58 ab 64 65 73 74 69 6e 61 74 69 6f 6e a3 44 45 4e a6 66 6c 69 67 68 74 a5 57 4e 
32 37 38 a6 73 71 75 61 77 6b a4 32 34 31 34 a8 6c 61 74 69 74 75 64 65 cb 40 40 f9 52 d2 34 eb 
9a a9 6c 6f 6e 67 69 74 75 64 65 cb c0 5d 99 ae bc 40 8d 8f a5 74 72 61 63 6b cc bc a8 61 6c 74 
69 74 75 64 65 00 a5 73 70 65 65 64 00 a8 6f 6e 47 72 6f 75 6e 64 c3 a6 76 53 70 65 65 64 00 a8 
63 61 6c 6c 73 69 67 6e a6 53 57 41 32 37 38 aa 73 6f 75 72 63 65 54 79 70 65 b4 41 44 53 2d 42 
20 46 52 32 34 20 72 65 63 65 69 76 65 72 73 a3 65 74 61 c0 a9 70 61 69 6e 74 65 64 41 73 a3 53 
57 41 de 00 15 a8 66 6c 69 67 68 74 49 64 a8 34 30 31 63 34 66 37 66 a9 74 69 6d 65 73 74 61 6d 
70 cf 00 00 01 9e ae 83 fc 90 aa 61 69 72 63 72 61 66 74 49 64 a6 41 42 33 46 34 39 a7 72 61 64 
61 72 49 64 a4 35 30 30 30 a4 74 79 70 65 a4 45 37 35 4c ac 72 65 67 69 73 74 72 61 74 69 6f 6e 
a6 4e 38 32 33 36 36 a6 6f 72 69 67 69 6e a3 4c 41 58 ab 64 65 73 74 69 6e 61 74 69 6f 6e a3 52 
44 4d a6 66 6c 69 67 68 74 a6 55 41 34 37 34 38 a6 73 71 75 61 77 6b a4 36 30 35 33 a8 6c 61 74 
69 74 75 64 65 cb 40 40 f8 66 3c 74 fb 55 a9 6c 6f 6e 67 69 74 75 64 65 cb c0 5d 99 72 c5 19 7a 
25 a5 74 72 61 63 6b 51 a8 61 6c 74 69 74 75 64 65 00 a5 73 70 65 65 64 00 a8 6f 6e 47 72 6f 75 
6e 64 c3 a6 76 53 70 65 65 64 00 a8 63 61 6c 6c 73 69 67 6e a7 53 4b 57 34 37 34 38 aa 73 6f 75 
72 63 65 54 79 70 65 b0 41 44 53 2d 42 20 56 6f 6c 75 6e 74 65 65 72 73 a3 65 74 61 c0 a9 70 61 
69 6e 74 65 64 41 73 a3 55 41 4c de 00 15 a8 66 6c 69 67 68 74 49 64 a8 34 30 31 63 34 39 31 35 
a9 74 69 6d 65 73 74 61 6d 70 cf 00 00 01 9e ae 84 0c 30 aa 61 69 72 63 72 61 66 74 49 64 a6 34 
34 30 30 32 30 a7 72 61 64 61 72 49 64 a3 32 30 30 a4 74 79 70 65 a4 42 37 37 32 ac 72 65 67 69 
73 74 72 61 74 69 6f 6e a6 4f 45 2d 4c 50 42 a6 6f 72 69 67 69 6e a3 4c 41 58 ab 64 65 73 74 69 
6e 61 74 69 6f 6e a3 56 49 45 a6 66 6c 69 67 68 74 a4 4f 53 35 32 a6 73 71 75 61 77 6b a4 32 34 
32 30 a8 6c 61 74 69 74 75 64 65 cb 40 40 f7 d1 78 2d 38 47 a9 6c 6f 6e 67 69 74 75 64 65 cb c0 
5d 9a a9 3f 29 0a bb a5 74 72 61 63 6b cd 01 06 a8 61 6c 74 69 74 75 64 65 cd 01 f4 a5 73 70 65 
65 64 cc b3 a8 6f 6e 47 72 6f 75 6e 64 c2 a6 76 53 70 65 65 64 cd 09 40 a8 63 61 6c 6c 73 69 67 
6e a5 41 55 41 35 32 aa 73 6f 75 72 63 65 54 79 70 65 b4 41 44 53 2d 42 20 46 52 32 34 20 72 65 
63 65 69 76 65 72 73 a3 65 74 61 c0 a9 70 61 69 6e 74 65 64 41 73 a3 41 55 41 de 00 15 a8 66 6c 
69 67 68 74 49 64 a8 34 30 31 63 34 61 61 61 a9 74 69 6d 65 73 74 61 6d 70 cf 00 00 01 9e ae 84 
08 48 aa 61 69 72 63 72 61 66 74 49 64 a6 34 43 41 44 34 38 a7 72 61 64 61 72 49 64 a3 32 30 30 
a4 74 79 70 65 a4 41 33 35 39 ac 72 65 67 69 73 74 72 61 74 69 6f 6e a6 45 49 2d 49 46 45 a6 6f 
72 69 67 69 6e a3 4c 41 58 ab 64 65 73 74 69 6e 61 74 69 6f 6e a3 46 43 4f a6 66 6c 69 67 68 74 
a5 41 5a 36 32 31 a6 73 71 75 61 77 6b a4 37 36 31 33 a8 6c 61 74 69 74 75 64 65 cb 40 40 f9 3b 
3a 68 b1 9a a9 6c 6f 6e 67 69 74 75 64 65 cb c0 5d 9b aa 79 bb ad c1 a5 74 72 61 63 6b cd 01 07 
a8 61 6c 74 69 74 75 64 65 cd 02 0d a5 73 70 65 65 64 cc a5 a8 6f 6e 47 72 6f 75 6e 64 c2 a6 76 
53 70 65 65 64 cd 07 80 a8 63 61 6c 6c 73 69 67 6e a6 49 54 59 36 32 31 aa 73 6f 75 72 63 65 54 
79 70 65 b4 41 44 53 2d 42 20 46 52 32 34 20 72 65 63 65 69 76 65 72 73 a3 65 74 61 c0 a9 70 61 
69 6e 74 65 64 41 73 a3 49 54 59 de 00 15 a8 66 6c 69 67 68 74 49 64 a8 34 30 31 63 34 63 31 33 
a9 74 69 6d 65 73 74 61 6d 70 cf 00 00 01 9e ae 84 04 60 aa 61 69 72 63 72 61 66 74 49 64 a6 41 
44 30 30 45 33 a7 72 61 64 61 72 49 64 a4 35 30 30 30 a4 74 79 70 65 a4 42 37 33 38 ac 72 65 67 
69 73 74 72 61 74 69 6f 6e a6 4e 39 33 37 4e 4e a6 6f 72 69 67 69 6e a3 4c 41 58 ab 64 65 73 74 
69 6e 61 74 69 6f 6e a3 4f 52 44 a6 66 6c 69 67 68 74 a6 41 41 32 37 31 38 a6 73 71 75 61 77 6b 
a4 31 33 33 30 a8 6c 61 74 69 74 75 64 65 cb 40 40 f8 5d b7 6b 3b b8 a9 6c 6f 6e 67 69 74 75 64 
65 cb c0 5d 99 fe 32 a0 66 3c a5 74 72 61 63 6b cd 01 08 a8 61 6c 74 69 74 75 64 65 00 a5 73 70 
65 65 64 00 a8 6f 6e 47 72 6f 75 6e 64 c3 a6 76 53 70 65 65 64 00 a8 63 61 6c 6c 73 69 67 6e a7 
41 41 4c 32 37 31 38 aa 73 6f 75 72 63 65 54 79 70 65 b0 41 44 53 2d 42 20 56 6f 6c 75 6e 74 65 
65 72 73 a3 65 74 61 c0 a9 70 61 69 6e 74 65 64 41 73 a3 41 41 4c de 00 15 a8 66 6c 69 67 68 74 
49 64 a8 34 30 31 62 66 33 30 32 a9 74 69 6d 65 73 74 61 6d 70 cf 00 00 01 9e ae 83 f4 c0 aa 61 
69 72 63 72 61 66 74 49 64 a6 41 35 41 31 30 41 a7 72 61 64 61 72 49 64 a3 32 30 30 a4 74 79 70 
65 a4 41 32 31 4e ac 72 65 67 69 73 74 72 61 74 69 6f 6e a6 4e 34 36 32 41 41 a6 6f 72 69 67 69 
6e a3 50 48 58 ab 64 65 73 74 69 6e 61 74 69 6f 6e a3 4c 41 58 a6 66 6c 69 67 68 74 a6 41 41 32 
33 36 38 a6 73 71 75 61 77 6b a4 34 31 35 34 a8 6c 61 74 69 74 75 64 65 cb 40 40 f8 48 6a d2 dc 
b1 a9 6c 6f 6e 67 69 74 75 64 65 cb c0 5d 9a 34 19 e3 00 15 a5 74 72 61 63 6b cd 01 05 a8 61 6c 
74 69 74 75 64 65 00 a5 73 70 65 65 64 00 a8 6f 6e 47 72 6f 75 6e 64 c3 a6 76 53 70 65 65 64 00 
a8 63 61 6c 6c 73 69 67 6e a7 41 41 4c 32 33 36 38 aa 73 6f 75 72 63 65 54 79 70 65 b4 41 44 53 
2d 42 20 46 52 32 34 20 72 65 63 65 69 76 65 72 73 a3 65 74 61 cf 00 00 01 9e ae 77 b4 08 a9 70 
61 69 6e 74 65 64 41 73 a3 41 41 4c de 00 15 a8 66 6c 69 67 68 74 49 64 a8 34 30 31 63 34 65 61 
65 a9 74 69 6d 65 73 74 61 6d 70 cf 00 00 01 9e ae 83 fc 90 aa 61 69 72 63 72 61 66 74 49 64 a6 
41 34 37 31 45 30 a7 72 61 64 61 72 49 64 a3 32 30 30 a4 74 79 70 65 a4 42 37 33 38 ac 72 65 67 
69 73 74 72 61 74 69 6f 6e a6 4e 33 38 36 44 41 a6 6f 72 69 67 69 6e a3 4c 41 58 ab 64 65 73 74 
69 6e 61 74 69 6f 6e a3 4c 41 53 a6 66 6c 69 67 68 74 a6 44 4c 32 31 32 30 a6 73 71 75 61 77 6b 
a4 35 33 36 30 a8 6c 61 74 69 74 75 64 65 cb 40 40 f9 56 c0 d6 f5 45 a9 6c 6f 6e 67 69 74 75 64 
65 cb c0 5d 99 e7 96 7c ae a7 a5 74 72 61 63 6b cd 01 0b a8 61 6c 74 69 74 75 64 65 00 a5 73 70 
65 65 64 00 a8 6f 6e 47 72 6f 75 6e 64 c3 a6 76 53 70 65 65 64 00 a8 63 61 6c 6c 73 69 67 6e a7 
44 41 4c 32 31 32 30 aa 73 6f 75 72 63 65 54 79 70 65 b4 41 44 53 2d 42 20 46 52 32 34 20 72 65 
63 65 69 76 65 72 73 a3 65 74 61 c0 a9 70 61 69 6e 74 65 64 41 73 a3 44 41 4c de 00 15 a8 66 6c 
69 67 68 74 49 64 a8 34 30 31 63 35 30 31 38 a9 74 69 6d 65 73 74 61 6d 70 cf 00 00 01 9e ae 84 
0c 30 aa 61 69 72 63 72 61 66 74 49 64 a6 41 39 45 36 36 33 a7 72 61 64 61 72 49 64 a3 32 30 30 
a4 74 79 70 65 a4 53 4c 47 32 ac 72 65 67 69 73 74 72 61 74 69 6f 6e a6 4e 37 33 37 50 54 a6 6f 
72 69 67 69 6e a3 53 4d 4f ab 64 65 73 74 69 6e 61 74 69 6f 6e a0 a6 66 6c 69 67 68 74 a0 a6 73 
71 75 61 77 6b a4 31 32 30 30 a8 6c 61 74 69 74 75 64 65 cb 40 41 02 69 59 5f ed a6 a9 6c 6f 6e 
67 69 74 75 64 65 cb c0 5d 9c 99 06 cc a2 db a5 74 72 61 63 6b cd 01 3d a8 61 6c 74 69 74 75 64 
65 00 a5 73 70 65 65 64 01 a8 6f 6e 47 72 6f 75 6e 64 c3 a6 76 53 70 65 65 64 00 a8 63 61 6c 6c 
73 69 67 6e a6 4e 37 33 37 50 54 aa 73 6f 75 72 63 65 54 79 70 65 b4 41 44 53 2d 42 20 46 52 32 
34 20 72 65 63 65 69 76 65 72 73 a3 65 74 61 c0 a9 70 61 69 6e 74 65 64 41 73 c0 de 00 15 a8 66 
6c 69 67 68 74 49 64 a8 34 30 31 62 66 34 61 34 a9 74 69 6d 65 73 74 61 6d 70 cf 00 00 01 9e ae 
84 0c 30 aa 61 69 72 63 72 61 66 74 49 64 a6 41 31 41 45 45 39 a7 72 61 64 61 72 49 64 a3 32 30 
30 a4 74 79 70 65 a4 43 31 37 32 ac 72 65 67 69 73 74 72 61 74 69 6f 6e a6 4e 32 30 37 34 41 a6 
6f 72 69 67 69 6e a3 52 42 4b ab 64 65 73 74 69 6e 61 74 69 6f 6e a3 53 4d 4f a6 66 6c 69 67 68 
74 a0 a6 73 71 75 61 77 6b a4 31 32 30 30 a8 6c 61 74 69 74 75 64 65 cb 40 41 02 03 c4 b0 9e 99 
a9 6c 6f 6e 67 69 74 75 64 65 cb c0 5d 9d 02 8a 1d fb 94 a5 74 72 61 63 6b cd 01 1e a8 61 6c 74 
69 74 75 64 65 00 a5 73 70 65 65 64 03 a8 6f 6e 47 72 6f 75 6e 64 c3 a6 76 53 70 65 65 64 00 a8 
63 61 6c 6c 73 69 67 6e a6 4e 32 30 37 34 41 aa 73 6f 75 72 63 65 54 79 70 65 b4 41 44 53 2d 42 
20 46 52 32 34 20 72 65 63 65 69 76 65 72 73 a3 65 74 61 c0 a9 70 61 69 6e 74 65 64 41 73 c0 de 
00 15 a8 66 6c 69 67 68 74 49 64 a8 34 30 31 63 34 65 34 64 a9 74 69 6d 65 73 74 61 6d 70 cf 00 
00 01 9e ae 84 04 60 aa 61 69 72 63 72 61 66 74 49 64 a6 41 30 32 37 35 43 a7 72 61 64 61 72 49 
64 a3 32 30 30 a4 74 79 70 65 a4 41 33 32 31 ac 72 65 67 69 73 74 72 61 74 69 6f 6e a6 4e 31 30 
39 4e 4e a6 6f 72 69 67 69 6e a3 4c 41 58 ab 64 65 73 74 69 6e 61 74 69 6f 6e a3 42 4f 53 a6 66 
6c 69 67 68 74 a6 41 41 31 38 30 35 a6 73 71 75 61 77 6b a4 31 32 30 30 a8 6c 61 74 69 74 75 64 
65 cb 40 40 f8 73 ff ac 1d 2a a9 6c 6f 6e 67 69 74 75 64 65 cb c0 5d 9a 12 2f ad 6c b5 a5 74 72 
61 63 6b 54 a8 61 6c 74 69 74 75 64 65 00 a5 73 70 65 65 64 00 a8 6f 6e 47 72 6f 75 6e 64 c3 a6 
76 53 70 65 65 64 00 a8 63 61 6c 6c 73 69 67 6e a7 41 41 4c 31 38 30 35 aa 73 6f 75 72 63 65 54 
79 70 65 b4 41 44 53 2d 42 20 46 52 32 34 20 72 65 63 65 69 76 65 72 73 a3 65 74 61 c0 a9 70 61 
69 6e 74 65 64 41 73 a3 41 41 4c de 00 15 a8 66 6c 69 67 68 74 49 64 a8 34 30 31 63 33 62 39 34 
a9 74 69 6d 65 73 74 61 6d 70 cf 00 00 01 9e ae 83 ec f0 aa 61 69 72 63 72 61 66 74 49 64 a6 41 
35 32 32 35 38 a7 72 61 64 61 72 49 64 a3 32 30 30 a4 74 79 70 65 a4 43 52 55 5a ac 72 65 67 69 
73 74 72 61 74 69 6f 6e a5 4e 34 33 53 43 a6 6f 72 69 67 69 6e a3 53 4d 4f ab 64 65 73 74 69 6e 
61 74 69 6f 6e a3 53 4d 4f a6 66 6c 69 67 68 74 a0 a6 73 71 75 61 77 6b a4 30 32 35 36 a8 6c 61 
74 69 74 75 64 65 cb 40 41 01 d3 ed 52 7e 52 a9 6c 6f 6e 67 69 74 75 64 65 cb c0 5d 9c f1 fd de 
bd 90 a5 74 72 61 63 6b cc 84 a8 61 6c 74 69 74 75 64 65 00 a5 73 70 65 65 64 01 a8 6f 6e 47 72 
6f 75 6e 64 c3 a6 76 53 70 65 65 64 00 a8 63 61 6c 6c 73 69 67 6e a5 4e 34 33 53 43 aa 73 6f 75 
72 63 65 54 79 70 65 b4 41 44 53 2d 42 20 46 52 32 34 20 72 65 63 65 69 76 65 72 73 a3 65 74 61 
c0 a9 70 61 69 6e 74 65 64 41 73 c0 de 00 15 a8 66 6c 69 67 68 74 49 64 a8 34 30 31 62 65 37 39 
37 a9 74 69 6d 65 73 74 61 6d 70 cf 00 00 01 9e ae 84 08 48 aa 61 69 72 63 72 61 66 74 49 64 a6 
41 35 43 41 38 39 a7 72 61 64 61 72 49 64 a3 32 30 30 a4 74 79 70 65 a4 42 37 33 37 ac 72 65 67 
69 73 74 72 61 74 69 6f 6e a6 4e 34 37 32 57 4e a6 6f 72 69 67 69 6e a3 41 42 51 ab 64 65 73 74 
69 6e 61 74 69 6f 6e a3 4c 41 58 a6 66 6c 69 67 68 74 a5 57 4e 37 37 39 a6 73 71 75 61 77 6b a4 
31 35 35 35 a8 6c 61 74 69 74 75 64 65 cb 40 40 f9 66 7b 5f 1b ef a9 6c 6f 6e 67 69 74 75 64 65 
cb c0 5d 99 a2 72 86 2f 5a a5 74 72 61 63 6b cc a3 a8 61 6c 74 69 74 75 64 65 00 a5 73 70 65 65 
64 0a a8 6f 6e 47 72 6f 75 6e 64 c3 a6 76 53 70 65 65 64 00 a8 63 61 6c 6c 73 69 67 6e a6 53 57 
41 37 37 39 aa 73 6f 75 72 63 65 54 79 70 65 b4 41 44 53 2d 42 20 46 52 32 34 20 72 65 63 65 69 
76 65 72 73 a3 65 74 61 cf 00 00 01 9e ae 7d a7 78 a9 70 61 69 6e 74 65 64 41 73 a3 53 57 41 de 
00 15 a8 66 6c 69 67 68 74 49 64 a8 34 30 31 62 63 36 35 38 a9 74 69 6d 65 73 74 61 6d 70 cf 00 
00 01 9e ae 84 0c 30 aa 61 69 72 63 72 61 66 74 49 64 a6 43 30 36 37 31 42 a7 72 61 64 61 72 49 
64 a3 32 30 30 a4 74 79 70 65 a4 42 43 53 33 ac 72 65 67 69 73 74 72 61 74 69 6f 6e a6 43 2d 47 
4e 42 45 a6 6f 72 69 67 69 6e a3 59 56 52 ab 64 65 73 74 69 6e 61 74 69 6f 6e a3 4c 41 58 a6 66 
6c 69 67 68 74 a5 41 43 35 35 36 a6 73 71 75 61 77 6b a4 32 36 34 35 a8 6c 61 74 69 74 75 64 65 
cb 40 40 f8 16 48 40 e1 72 a9 6c 6f 6e 67 69 74 75 64 65 cb c0 5d 99 fc 3b 4f 61 67 a5 74 72 61 
63 6b 51 a8 61 6c 74 69 74 75 64 65 00 a5 73 70 65 65 64 14 a8 6f 6e 47 72 6f 75 6e 64 c3 a6 76 
53 70 65 65 64 00 a8 63 61 6c 6c 73 69 67 6e a6 41 43 41 35 35 36 aa 73 6f 75 72 63 65 54 79 70 
65 b4 41 44 53 2d 42 20 46 52 32 34 20 72 65 63 65 69 76 65 72 73 a3 65 74 61 cf 00 00 01 9e ae 
7e b8 e8 a9 70 61 69 6e 74 65 64 41 73 a3 41 43 41 de 00 15 a8 66 6c 69 67 68 74 49 64 a8 34 30 
31 61 62 38 63 61 a9 74 69 6d 65 73 74 61 6d 70 cf 00 00 01 9e ae 84 08 48 aa 61 69 72 63 72 61 
66 74 49 64 a6 41 44 44 41 44 42 a7 72 61 64 61 72 49 64 a3 32 30 30 a4 74 79 70 65 a4 41 33 32 
31 ac 72 65 67 69 73 74 72 61 74 69 6f 6e a6 4e 39 39 32 4a 42 a6 6f 72 69 67 69 6e a3 4a 46 4b 
ab 64 65 73 74 69 6e 61 74 69 6f 6e a3 4c 41 58 a6 66 6c 69 67 68 74 a5 42 36 34 32 33 a6 73 71 
75 61 77 6b a4 33 30 35 31 a8 6c 61 74 69 74 75 64 65 cb 40 40 f9 6e 58 a3 2f 45 a9 6c 6f 6e 67 
69 74 75 64 65 cb c0 5d 99 f8 4c ad 57 bc a5 74 72 61 63 6b 54 a8 61 6c 74 69 74 75 64 65 00 a5 
73 70 65 65 64 13 a8 6f 6e 47 72 6f 75 6e 64 c3 a6 76 53 70 65 65 64 00 a8 63 61 6c 6c 73 69 67 
6e a6 4a 42 55 34 32 33 aa 73 6f 75 72 63 65 54 79 70 65 b4 41 44 53 2d 42 20 46 52 32 34 20 72 
65 63 65 69 76 65 72 73 a3 65 74 61 cf 00 00 01 9e ae 7f af 00 a9 70 61 69 6e 74 65 64 41 73 a3 
4a 42 55 de 00 15 a8 66 6c 69 67 68 74 49 64 a8 34 30 31 63 35 33 65 63 a9 74 69 6d 65 73 74 61 
6d 70 cf 00 00 01 9e ae 83 fc 90 aa 61 69 72 63 72 61 66 74 49 64 a6 41 39 36 41 45 33 a7 72 61 
64 61 72 49 64 a3 32 30 30 a4 74 79 70 65 a4 42 33 39 4d ac 72 65 67 69 73 74 72 61 74 69 6f 6e 
a6 4e 37 30 36 41 4c a6 6f 72 69 67 69 6e a3 4c 41 58 ab 64 65 73 74 69 6e 61 74 69 6f 6e a3 53 
46 4f a6 66 6c 69 67 68 74 a5 41 53 35 31 34 a6 73 71 75 61 77 6b a4 32 30 35 35 a8 6c 61 74 69 
74 75 64 65 cb 40 40 f8 5b c0 1a 36 e3 a9 6c 6f 6e 67 69 74 75 64 65 cb c0 5d 99 cc b7 d4 17 44 
a5 74 72 61 63 6b cc ae a8 61 6c 74 69 74 75 64 65 00 a5 73 70 65 65 64 00 a8 6f 6e 47 72 6f 75 
6e 64 c3 a6 76 53 70 65 65 64 00 a8 63 61 6c 6c 73 69 67 6e a6 41 53 41 35 31 34 aa 73 6f 75 72 
63 65 54 79 70 65 b4 41 44 53 2d 42 20 46 52 32 34 20 72 65 63 65 69 76 65 72 73 a3 65 74 61 c0 
a9 70 61 69 6e 74 65 64 41 73 a3 41 53 41 de 00 15 a8 66 6c 69 67 68 74 49 64 a8 34 30 31 63 34 
61 33 31 a9 74 69 6d 65 73 74 61 6d 70 cf 00 00 01 9e ae 84 04 60 aa 61 69 72 63 72 61 66 74 49 
64 a6 41 30 35 36 31 34 a7 72 61 64 61 72 49 64 a3 32 30 30 a4 74 79 70 65 a4 42 37 36 33 ac 72 
65 67 69 73 74 72 61 74 69 6f 6e a6 4e 31 32 30 30 4b a6 6f 72 69 67 69 6e a3 4c 41 58 ab 64 65 
73 74 69 6e 61 74 69 6f 6e a3 4a 46 4b a6 66 6c 69 67 68 74 a5 44 4c 39 33 38 a6 73 71 75 61 77 
6b a4 37 33 37 33 a8 6c 61 74 69 74 75 64 65 cb 40 40 f9 3a 92 a3 05 53 a9 6c 6f 6e 67 69 74 75 
64 65 cb c0 5d 9a 60 2c 90 81 c3 a5 74 72 61 63 6b cc fa a8 61 6c 74 69 74 75 64 65 00 a5 73 70 
65 65 64 00 a8 6f 6e 47 72 6f 75 6e 64 c3 a6 76 53 70 65 65 64 00 a8 63 61 6c 6c 73 69 67 6e a6 
44 41 4c 39 33 38 aa 73 6f 75 72 63 65 54 79 70 65 b4 41 44 53 2d 42 20 46 52 32 34 20 72 65 63 
65 69 76 65 72 73 a3 65 74 61 c0 a9 70 61 69 6e 74 65 64 41 73 a3 44 41 4c de 00 15 a8 66 6c 69 
67 68 74 49 64 a8 34 30 31 63 34 63 31 61 a9 74 69 6d 65 73 74 61 6d 70 cf 00 00 01 9e ae 84 08 
48 aa 61 69 72 63 72 61 66 74 49 64 a6 41 37 43 37 41 32 a7 72 61 64 61 72 49 64 a3 32 30 30 a4 
74 79 70 65 a4 41 32 31 4e ac 72 65 67 69 73 74 72 61 74 69 6f 6e a6 4e 36 30 30 44 5a a6 6f 72 
69 67 69 6e a3 4c 41 58 ab 64 65 73 74 69 6e 61 74 69 6f 6e a3 4d 53 50 a6 66 6c 69 67 68 74 a6 
44 4c 32 31 39 38 a6 73 71 75 61 77 6b a4 37 37 34 35 a8 6c 61 74 69 74 75 64 65 cb 40 40 f9 a9 
54 21 c0 44 a9 6c 6f 6e 67 69 74 75 64 65 cb c0 5d 99 91 68 72 b0 21 a5 74 72 61 63 6b cd 01 1e 
a8 61 6c 74 69 74 75 64 65 00 a5 73 70 65 65 64 03 a8 6f 6e 47 72 6f 75 6e 64 c3 a6 76 53 70 65 
65 64 00 a8 63 61 6c 6c 73 69 67 6e a7 44 41 4c 32 31 39 38 aa 73 6f 75 72 63 65 54 79 70 65 b4 
41 44 53 2d 42 20 46 52 32 34 20 72 65 63 65 69 76 65 72 73 a3 65 74 61 c0 a9 70 61 69 6e 74 65 
64 41 73 a3 44 41 4c de 00 15 a8 66 6c 69 67 68 74 49 64 a8 34 30 31 63 35 35 31 39 a9 74 69 6d 
65 73 74 61 6d 70 cf 00 00 01 9e ae 84 0c 30 aa 61 69 72 63 72 61 66 74 49 64 a6 41 31 35 45 42 
43 a7 72 61 64 61 72 49 64 a3 32 30 30 a4 74 79 70 65 a4 42 37 36 33 ac 72 65 67 69 73 74 72 61 
74 69 6f 6e a6 4e 31 38 38 44 4e a6 6f 72 69 67 69 6e a3 4c 41 58 ab 64 65 73 74 69 6e 61 74 69 
6f 6e a3 4a 46 4b a6 66 6c 69 67 68 74 a5 44 4c 39 35 31 a6 73 71 75 61 77 6b a4 37 33 36 32 a8 
6c 61 74 69 74 75 64 65 cb 40 40 f9 1b c5 58 64 45 a9 6c 6f 6e 67 69 74 75 64 65 cb c0 5d 9a 2d 
0e 56 04 19 a5 74 72 61 63 6b cd 01 62 a8 61 6c 74 69 74 75 64 65 00 a5 73 70 65 65 64 03 a8 6f 
6e 47 72 6f 75 6e 64 c3 a6 76 53 70 65 65 64 00 a8 63 61 6c 6c 73 69 67 6e a6 44 41 4c 39 35 31 
aa 73 6f 75 72 63 65 54 79 70 65 b4 41 44 53 2d 42 20 46 52 32 34 20 72 65 63 65 69 76 65 72 73 
a3 65 74 61 c0 a9 70 61 69 6e 74 65 64 41 73 a3 44 41 4c de 00 15 a8 66 6c 69 67 68 74 49 64 a8 
34 30 31 63 35 35 36 65 a9 74 69 6d 65 73 74 61 6d 70 cf 00 00 01 9e ae 84 04 60 aa 61 69 72 63 
72 61 66 74 49 64 a6 41 42 36 32 46 38 a7 72 61 64 61 72 49 64 a3 32 30 30 a4 74 79 70 65 a4 42 
37 33 38 ac 72 65 67 69 73 74 72 61 74 69 6f 6e a6 4e 38 33 32 36 46 a6 6f 72 69 67 69 6e a3 4c 
41 58 ab 64 65 73 74 69 6e 61 74 69 6f 6e a3 53 4c 43 a6 66 6c 69 67 68 74 a6 57 4e 32 33 34 34 
a6 73 71 75 61 77 6b a4 37 33 31 35 a8 6c 61 74 69 74 75 64 65 cb 40 40 f9 4a 4d 2b 2b fe a9 6c 
6f 6e 67 69 74 75 64 65 cb c0 5d 99 b8 66 e4 3a a8 a5 74 72 61 63 6b 6d a8 61 6c 74 69 74 75 64 
65 00 a5 73 70 65 65 64 00 a8 6f 6e 47 72 6f 75 6e 64 c3 a6 76 53 70 65 65 64 00 a8 63 61 6c 6c 
73 69 67 6e a7 53 57 41 32 33 34 34 aa 73 6f 75 72 63 65 54 79 70 65 b4 41 44 53 2d 42 20 46 52 
32 34 20 72 65 63 65 69 76 65 72 73 a3 65 74 61 c0 a9 70 61 69 6e 74 65 64 41 73 a3 53 57 41 de 
00 15 a8 66 6c 69 67 68 74 49 64 a8 34 30 31 62 66 65 32 35 a9 74 69 6d 65 73 74 61 6d 70 cf 00 
00 01 9e ae 83 50 b0 aa 61 69 72 63 72 61 66 74 49 64 a6 41 30 32 43 34 30 a7 72 61 64 61 72 49 
64 a4 35 30 30 30 a4 74 79 70 65 a4 41 33 32 31 ac 72 65 67 69 73 74 72 61 74 69 6f 6e a6 4e 31 
31 30 41 4e a6 6f 72 69 67 69 6e a3 4c 41 58 ab 64 65 73 74 69 6e 61 74 69 6f 6e a0 a6 66 6c 69 
67 68 74 a0 a6 73 71 75 61 77 6b a4 30 30 30 30 a8 6c 61 74 69 74 75 64 65 cb 40 40 f8 be 0d ed 
28 8d a9 6c 6f 6e 67 69 74 75 64 65 cb c0 5d 99 18 2a 99 30 be a5 74 72 61 63 6b cc b4 a8 61 6c 
74 69 74 75 64 65 00 a5 73 70 65 65 64 00 a8 6f 6e 47 72 6f 75 6e 64 c3 a6 76 53 70 65 65 64 00 
a8 63 61 6c 6c 73 69 67 6e a0 aa 73 6f 75 72 63 65 54 79 70 65 b0 41 44 53 2d 42 20 56 6f 6c 75 
6e 74 65 65 72 73 a3 65 74 61 c0 a9 70 61 69 6e 74 65 64 41 73 a3 41 41 4c de 00 15 a8 66 6c 69 
67 68 74 49 64 a8 34 30 31 62 63 65 63 38 a9 74 69 6d 65 73 74 61 6d 70 cf 00 00 01 9e ae 84 0c 
30 aa 61 69 72 63 72 61 66 74 49 64 a6 41 34 36 30 44 31 a7 72 61 64 61 72 49 64 a3 32 30 30 a4 
74 79 70 65 a4 42 37 36 33 ac 72 65 67 69 73 74 72 61 74 69 6f 6e a6 4e 33 38 31 55 50 a6 6f 72 
69 67 69 6e a3 44 46 57 ab 64 65 73 74 69 6e 61 74 69 6f 6e a3 4c 41 58 a6 66 6c 69 67 68 74 a6 
35 58 35 39 33 38 a6 73 71 75 61 77 6b a4 33 34 37 33 a8 6c 61 74 69 74 75 64 65 cb 40 40 f7 a5 
3b 8e 4b 88 a9 6c 6f 6e 67 69 74 75 64 65 cb c0 5d 99 60 e9 4e e3 93 a5 74 72 61 63 6b 51 a8 61 
6c 74 69 74 75 64 65 00 a5 73 70 65 65 64 11 a8 6f 6e 47 72 6f 75 6e 64 c3 a6 76 53 70 65 65 64 
00 a8 63 61 6c 6c 73 69 67 6e a7 55 50 53 35 39 33 38 aa 73 6f 75 72 63 65 54 79 70 65 b4 41 44 
53 2d 42 20 46 52 32 34 20 72 65 63 65 69 76 65 72 73 a3 65 74 61 cf 00 00 01 9e ae 82 00 c0 a9 
70 61 69 6e 74 65 64 41 73 a3 55 50 53 de 00 15 a8 66 6c 69 67 68 74 49 64 a8 34 30 31 63 32 31 
61 65 a9 74 69 6d 65 73 74 61 6d 70 cf 00 00 01 9e ae 84 04 60 aa 61 69 72 63 72 61 66 74 49 64 
a6 41 32 34 42 41 37 a7 72 61 64 61 72 49 64 a3 32 30 30 a4 74 79 70 65 a4 45 37 35 4c ac 72 65 
67 69 73 74 72 61 74 69 6f 6e a6 4e 32 34 37 53 59 a6 6f 72 69 67 69 6e a3 53 4d 46 ab 64 65 73 
74 69 6e 61 74 69 6f 6e a3 4c 41 58 a6 66 6c 69 67 68 74 a6 44 4c 33 38 31 32 a6 73 71 75 61 77 
6b a4 33 33 32 33 a8 6c 61 74 69 74 75 64 65 cb 40 41 03 71 75 8e 21 96 a9 6c 6f 6e 67 69 74 75 
64 65 cb c0 5d 96 f0 30 7f 23 cd a5 74 72 61 63 6b 50 a8 61 6c 74 69 74 75 64 65 cd 16 f3 a5 73 
70 65 65 64 cc ed a8 6f 6e 47 72 6f 75 6e 64 c2 a6 76 53 70 65 65 64 d1 f9 80 a8 63 61 6c 6c 73 
69 67 6e a7 53 4b 57 33 38 31 32 aa 73 6f 75 72 63 65 54 79 70 65 b4 41 44 53 2d 42 20 46 52 32 
34 20 72 65 63 65 69 76 65 72 73 a3 65 74 61 cf 00 00 01 9e ae 89 86 88 a9 70 61 69 6e 74 65 64 
41 73 a3 44 41 4c de 00 15 a8 66 6c 69 67 68 74 49 64 a8 34 30 31 63 34 32 62 30 a9 74 69 6d 65 
73 74 61 6d 70 cf 00 00 01 9e ae 84 08 48 aa 61 69 72 63 72 61 66 74 49 64 a6 41 39 38 30 38 32 
a7 72 61 64 61 72 49 64 a3 32 30 30 a4 74 79 70 65 a4 53 32 32 54 ac 72 65 67 69 73 74 72 61 74 
69 6f 6e a6 4e 37 31 31 48 51 a6 6f 72 69 67 69 6e a3 51 54 43 ab 64 65 73 74 69 6e 61 74 69 6f 
6e a0 a6 66 6c 69 67 68 74 a0 a6 73 71 75 61 77 6b a4 31 32 30 30 a8 6c 61 74 69 74 75 64 65 cb 
40 41 02 ae 29 73 96 d1 a9 6c 6f 6e 67 69 74 75 64 65 cb c0 5d a0 ac 08 31 26 e9 a5 74 72 61 63 
6b 67 a8 61 6c 74 69 74 75 64 65 cd 0d de a5 73 70 65 65 64 cc a2 a8 6f 6e 47 72 6f 75 6e 64 c2 
a6 76 53 70 65 65 64 40 a8 63 61 6c 6c 73 69 67 6e a6 4e 37 31 31 48 51 aa 73 6f 75 72 63 65 54 
79 70 65 b4 41 44 53 2d 42 20 46 52 32 34 20 72 65 63 65 69 76 65 72 73 a3 65 74 61 c0 a9 70 61 
69 6e 74 65 64 41 73 c0 de 00 15 a8 66 6c 69 67 68 74 49 64 a8 34 30 31 63 31 64 31 38 a9 74 69 
6d 65 73 74 61 6d 70 cf 00 00 01 9e ae 84 0c 30 aa 61 69 72 63 72 61 66 74 49 64 a6 41 44 44 36 
36 35 a7 72 61 64 61 72 49 64 a3 32 30 30 a4 74 79 70 65 a4 53 4c 47 32 ac 72 65 67 69 73 74 72 
61 74 69 6f 6e a6 4e 39 39 31 41 4c a6 6f 72 69 67 69 6e a3 4c 47 42 ab 64 65 73 74 69 6e 61 74 
69 6f 6e a0 a6 66 6c 69 67 68 74 a0 a6 73 71 75 61 77 6b a4 31 32 30 30 a8 6c 61 74 69 74 75 64 
65 cb 40 40 f1 e3 a7 da a4 fd a9 6c 6f 6e 67 69 74 75 64 65 cb c0 5d 8f ea 0b a1 f4 b2 a5 74 72 
61 63 6b cd 01 0e a8 61 6c 74 69 74 75 64 65 cd 01 77 a5 73 70 65 65 64 3d a8 6f 6e 47 72 6f 75 
6e 64 c2 a6 76 53 70 65 65 64 cd 03 80 a8 63 61 6c 6c 73 69 67 6e a6 4e 39 39 31 41 4c aa 73 6f 
75 72 63 65 54 79 70 65 b4 41 44 53 2d 42 20 46 52 32 34 20 72 65 63 65 69 76 65 72 73 a3 65 74 
61 c0 a9 70 61 69 6e 74 65 64 41 73 c0 de 00 15 a8 66 6c 69 67 68 74 49 64 a8 34 30 31 63 35 34 
61 66 a9 74 69 6d 65 73 74 61 6d 70 cf 00 00 01 9e ae 84 08 48 aa 61 69 72 63 72 61 66 74 49 64 
a6 41 31 30 37 46 38 a7 72 61 64 61 72 49 64 a3 32 30 30 a4 74 79 70 65 a3 52 32 32 ac 72 65 67 
69 73 74 72 61 74 69 6f 6e a5 4e 31 36 36 41 a6 6f 72 69 67 69 6e a3 43 50 4d ab 64 65 73 74 69 
6e 61 74 69 6f 6e a0 a6 66 6c 69 67 68 74 a0 a6 73 71 75 61 77 6b a4 30 30 30 30 a8 6c 61 74 69 
74 75 64 65 cb 40 40 f1 f4 0a 28 77 ee a9 6c 6f 6e 67 69 74 75 64 65 cb c0 5d 8f 85 f0 6f 69 44 
a5 74 72 61 63 6b cd 01 0e a8 61 6c 74 69 74 75 64 65 00 a5 73 70 65 65 64 26 a8 6f 6e 47 72 6f 
75 6e 64 c3 a6 76 53 70 65 65 64 cc 80 a8 63 61 6c 6c 73 69 67 6e a5 4e 31 36 36 41 aa 73 6f 75 
72 63 65 54 79 70 65 a3 55 41 54 a3 65 74 61 c0 a9 70 61 69 6e 74 65 64 41 73 c0 de 00 15 a8 66 
6c 69 67 68 74 49 64 a8 34 30 31 63 31 30 30 61 a9 74 69 6d 65 73 74 61 6d 70 cf 00 00 01 9e ae 
84 08 48 aa 61 69 72 63 72 61 66 74 49 64 a6 41 31 31 34 44 42 a7 72 61 64 61 72 49 64 a3 32 30 
30 a4 74 79 70 65 a4 53 4c 47 32 ac 72 65 67 69 73 74 72 61 74 69 6f 6e a6 4e 31 36 39 54 57 a6 
6f 72 69 67 69 6e a3 43 50 4d ab 64 65 73 74 69 6e 61 74 69 6f 6e a0 a6 66 6c 69 67 68 74 a0 a6 
73 71 75 61 77 6b a4 31 32 30 30 a8 6c 61 74 69 74 75 64 65 cb 40 40 f1 d7 db f4 87 fd a9 6c 6f 
6e 67 69 74 75 64 65 cb c0 5d 8f 45 e0 b4 e1 1e a5 74 72 61 63 6b 4e a8 61 6c 74 69 74 75 64 65 
00 a5 73 70 65 65 64 01 a8 6f 6e 47 72 6f 75 6e 64 c3 a6 76 53 70 65 65 64 00 a8 63 61 6c 6c 73 
69 67 6e a6 4e 31 36 39 54 57 aa 73 6f 75 72 63 65 54 79 70 65 b4 41 44 53 2d 42 20 46 52 32 34 
20 72 65 63 65 69 76 65 72 73 a3 65 74 61 c0 a9 70 61 69 6e 74 65 64 41 73 c0 de 00 15 a8 66 6c 
69 67 68 74 49 64 a8 34 30 31 62 65 37 63 61 a9 74 69 6d 65 73 74 61 6d 70 cf 00 00 01 9e ae 84 
00 78 aa 61 69 72 63 72 61 66 74 49 64 a6 41 43 44 44 30 33 a7 72 61 64 61 72 49 64 a3 32 30 30 
a4 74 79 70 65 a4 53 4c 47 32 ac 72 65 67 69 73 74 72 61 74 69 6f 6e a6 4e 39 32 38 4d 50 a6 6f 
72 69 67 69 6e a3 54 4f 41 ab 64 65 73 74 69 6e 61 74 69 6f 6e a0 a6 66 6c 69 67 68 74 a0 a6 73 
71 75 61 77 6b a4 31 32 30 30 a8 6c 61 74 69 74 75 64 65 cb 40 40 f6 1a 60 d4 56 2e a9 6c 6f 6e 
67 69 74 75 64 65 cb c0 5d 93 9c b6 84 8b eb a5 74 72 61 63 6b cd 01 1d a8 61 6c 74 69 74 75 64 
65 cd 04 01 a5 73 70 65 65 64 37 a8 6f 6e 47 72 6f 75 6e 64 c2 a6 76 53 70 65 65 64 d1 fd 40 a8 
63 61 6c 6c 73 69 67 6e a6 4e 39 32 38 4d 50 aa 73 6f 75 72 63 65 54 79 70 65 b4 41 44 53 2d 42 
20 46 52 32 34 20 72 65 63 65 69 76 65 72 73 a3 65 74 61 c0 a9 70 61 69 6e 74 65 64 41 73 c0 de 
00 15 a8 66 6c 69 67 68 74 49 64 a8 34 30 31 63 33 35 33 37 a9 74 69 6d 65 73 74 61 6d 70 cf 00 
00 01 9e ae 84 08 48 aa 61 69 72 63 72 61 66 74 49 64 a6 41 41 42 36 41 32 a7 72 61 64 61 72 49 
64 a3 32 30 30 a4 74 79 70 65 a4 53 52 32 30 ac 72 65 67 69 73 74 72 61 74 69 6f 6e a5 4e 37 39 
4b 57 a6 6f 72 69 67 69 6e a3 43 4c 44 ab 64 65 73 74 69 6e 61 74 69 6f 6e a3 57 48 50 a6 66 6c 
69 67 68 74 a0 a6 73 71 75 61 77 6b a4 34 37 32 35 a8 6c 61 74 69 74 75 64 65 cb 40 40 f6 6d 9b 
e4 cd 75 a9 6c 6f 6e 67 69 74 75 64 65 cb c0 5d 97 cc 39 ff d6 0f a5 74 72 61 63 6b cd 01 3f a8 
61 6c 74 69 74 75 64 65 cd 0f d2 a5 73 70 65 65 64 cc 8b a8 6f 6e 47 72 6f 75 6e 64 c2 a6 76 53 
70 65 65 64 00 a8 63 61 6c 6c 73 69 67 6e a5 4e 37 39 4b 57 aa 73 6f 75 72 63 65 54 79 70 65 b4 
41 44 53 2d 42 20 46 52 32 34 20 72 65 63 65 69 76 65 72 73 a3 65 74 61 cf 00 00 01 9e ae 96 f4 
08 a9 70 61 69 6e 74 65 64 41 73 c0 de 00 15 a8 66 6c 69 67 68 74 49 64 a8 34 30 31 62 66 63 64 
65 a9 74 69 6d 65 73 74 61 6d 70 cf 00 00 01 9e ae 84 04 60 aa 61 69 72 63 72 61 66 74 49 64 a6 
41 34 30 44 37 41 a7 72 61 64 61 72 49 64 a3 32 30 30 a4 74 79 70 65 a4 41 33 31 39 ac 72 65 67 
69 73 74 72 61 74 69 6f 6e a6 4e 33 36 30 4e 42 a6 6f 72 69 67 69 6e a3 50 44 58 ab 64 65 73 74 
69 6e 61 74 69 6f 6e a3 4c 41 58 a6 66 6c 69 67 68 74 a6 44 4c 32 37 36 36 a6 73 71 75 61 77 6b 
a4 36 36 32 35 a8 6c 61 74 69 74 75 64 65 cb 40 40 fb 6c 37 60 bf 5d a9 6c 6f 6e 67 69 74 75 64 
65 cb c0 5d 92 10 38 5c 67 e0 a5 74 72 61 63 6b cd 01 07 a8 61 6c 74 69 74 75 64 65 cd 08 1b a5 
73 70 65 65 64 cc 97 a8 6f 6e 47 72 6f 75 6e 64 c2 a6 76 53 70 65 65 64 d1 fd 00 a8 63 61 6c 6c 
73 69 67 6e a7 44 41 4c 32 37 36 36 aa 73 6f 75 72 63 65 54 79 70 65 b4 41 44 53 2d 42 20 46 52 
32 34 20 72 65 63 65 69 76 65 72 73 a3 65 74 61 cf 00 00 01 9e ae 86 bf 98 a9 70 61 69 6e 74 65 
64 41 73 a3 44 41 4c de 00 15 a8 66 6c 69 67 68 74 49 64 a8 34 30 31 63 33 35 31 39 a9 74 69 6d 
65 73 74 61 6d 70 cf 00 00 01 9e ae 84 0c 30 aa 61 69 72 63 72 61 66 74 49 64 a6 41 33 33 31 43 
32 a7 72 61 64 61 72 49 64 a3 32 30 30 a4 74 79 70 65 a4 42 45 33 33 ac 72 65 67 69 73 74 72 61 
74 69 6f 6e a6 4e 33 30 34 39 41 a6 6f 72 69 67 69 6e a3 42 46 4c ab 64 65 73 74 69 6e 61 74 69 
6f 6e a0 a6 66 6c 69 67 68 74 a0 a6 73 71 75 61 77 6b a4 34 36 31 30 a8 6c 61 74 69 74 75 64 65 
cb 40 41 00 98 0b 24 20 71 a9 6c 6f 6e 67 69 74 75 64 65 cb c0 5d 92 33 ef f1 95 03 a5 74 72 61 
63 6b cc 8f a8 61 6c 74 69 74 75 64 65 cd 25 80 a5 73 70 65 65 64 cc aa a8 6f 6e 47 72 6f 75 6e 
64 c2 a6 76 53 70 65 65 64 40 a8 63 61 6c 6c 73 69 67 6e a6 4e 33 30 34 39 41 aa 73 6f 75 72 63 
65 54 79 70 65 b4 41 44 53 2d 42 20 46 52 32 34 20 72 65 63 65 69 76 65 72 73 a3 65 74 61 c0 a9 
70 61 69 6e 74 65 64 41 73 c0 de 00 15 a8 66 6c 69 67 68 74 49 64 a8 34 30 31 63 30 61 35 62 a9 
74 69 6d 65 73 74 61 6d 70 cf 00 00 01 9e ae 84 04 60 aa 61 69 72 63 72 61 66 74 49 64 a6 41 31 
31 43 42 36 a7 72 61 64 61 72 49 64 a3 32 30 30 a4 74 79 70 65 a4 50 41 31 38 ac 72 65 67 69 73 
74 72 61 74 69 6f 6e a6 4e 31 37 30 38 30 a6 6f 72 69 67 69 6e a3 43 50 4d ab 64 65 73 74 69 6e 
61 74 69 6f 6e a0 a6 66 6c 69 67 68 74 a0 a6 73 71 75 61 77 6b a4 31 32 30 30 a8 6c 61 74 69 74 
75 64 65 cb 40 41 04 cd 74 92 79 14 a9 6c 6f 6e 67 69 74 75 64 65 cb c0 5d 90 71 0c b2 95 ea a5 
74 72 61 63 6b 41 a8 61 6c 74 69 74 75 64 65 cd 05 78 a5 73 70 65 65 64 2b a8 6f 6e 47 72 6f 75 
6e 64 c2 a6 76 53 70 65 65 64 40 a8 63 61 6c 6c 73 69 67 6e a6 4e 31 37 30 38 30 aa 73 6f 75 72 
63 65 54 79 70 65 b4 41 44 53 2d 42 20 46 52 32 34 20 72 65 63 65 69 76 65 72 73 a3 65 74 61 c0 
a9 70 61 69 6e 74 65 64 41 73 c0 de 00 15 a8 66 6c 69 67 68 74 49 64 a8 34 30 31 63 30 37 30 62 
a9 74 69 6d 65 73 74 61 6d 70 cf 00 00 01 9e ae 84 08 48 aa 61 69 72 63 72 61 66 74 49 64 a6 41 
35 34 34 34 37 a7 72 61 64 61 72 49 64 a3 32 30 30 a4 74 79 70 65 a4 50 41 31 38 ac 72 65 67 69 
73 74 72 61 74 69 6f 6e a6 4e 34 33 38 38 41 a6 6f 72 69 67 69 6e a3 43 50 4d ab 64 65 73 74 69 
6e 61 74 69 6f 6e a0 a6 66 6c 69 67 68 74 a0 a6 73 71 75 61 77 6b a4 31 32 30 30 a8 6c 61 74 69 
74 75 64 65 cb 40 41 07 ec fe 9b 7b f2 a9 6c 6f 6e 67 69 74 75 64 65 cb c0 5d 90 73 ab c9 47 06 
a5 74 72 61 63 6b cc e9 a8 61 6c 74 69 74 75 64 65 cd 05 dc a5 73 70 65 65 64 23 a8 6f 6e 47 72 
6f 75 6e 64 c2 a6 76 53 70 65 65 64 d1 ff 00 a8 63 61 6c 6c 73 69 67 6e a6 4e 34 33 38 38 41 aa 
73 6f 75 72 63 65 54 79 70 65 b4 41 44 53 2d 42 20 46 52 32 34 20 72 65 63 65 69 76 65 72 73 a3 
65 74 61 c0 a9 70 61 69 6e 74 65 64 41 73 c0 de 00 15 a8 66 6c 69 67 68 74 49 64 a8 34 30 31 63 
34 36 33 35 a9 74 69 6d 65 73 74 61 6d 70 cf 00 00 01 9e ae 84 0c 30 aa 61 69 72 63 72 61 66 74 
49 64 a6 41 44 34 46 41 33 a7 72 61 64 61 72 49 64 a3 32 30 30 a4 74 79 70 65 a4 41 53 35 30 ac 
72 65 67 69 73 74 72 61 74 69 6f 6e a6 4e 39 35 37 4c 41 a6 6f 72 69 67 69 6e a3 43 50 4d ab 64 
65 73 74 69 6e 61 74 69 6f 6e a0 a6 66 6c 69 67 68 74 a0 a6 73 71 75 61 77 6b a4 31 32 30 36 a8 
6c 61 74 69 74 75 64 65 cb 40 41 0a bf 87 69 ec 2d a9 6c 6f 6e 67 69 74 75 64 65 cb c0 5d 8b 2e 
9c cb 7d 41 a5 74 72 61 63 6b 68 a8 61 6c 74 69 74 75 64 65 cd 05 14 a5 73 70 65 65 64 67 a8 6f 
6e 47 72 6f 75 6e 64 c2 a6 76 53 70 65 65 64 d1 ff 40 a8 63 61 6c 6c 73 69 67 6e a6 4e 39 35 37 
4c 41 aa 73 6f 75 72 63 65 54 79 70 65 b4 41 44 53 2d 42 20 46 52 32 34 20 72 65 63 65 69 76 65 
72 73 a3 65 74 61 c0 a9 70 61 69 6e 74 65 64 41 73 c0 de 00 15 a8 66 6c 69 67 68 74 49 64 a8 34 
30 31 63 35 31 30 38 a9 74 69 6d 65 73 74 61 6d 70 cf 00 00 01 9e ae 84 08 48 aa 61 69 72 63 72 
61 66 74 49 64 a6 41 33 32 44 36 41 a7 72 61 64 61 72 49 64 a3 32 30 30 a4 74 79 70 65 a4 50 32 
38 41 ac 72 65 67 69 73 74 72 61 74 69 6f 6e a6 4e 33 30 33 34 51 a6 6f 72 69 67 69 6e a3 56 4e 
59 ab 64 65 73 74 69 6e 61 74 69 6f 6e a0 a6 66 6c 69 67 68 74 a0 a6 73 71 75 61 77 6b a4 30 30 
30 30 a8 6c 61 74 69 74 75 64 65 cb 40 41 0c 15 f4 5e 0b 4e a9 6c 6f 6e 67 69 74 75 64 65 cb c0 
5d 93 34 04 ea 4a 8c a5 74 72 61 63 6b cc 87 a8 61 6c 74 69 74 75 64 65 cd 07 d0 a5 73 70 65 65 
64 62 a8 6f 6e 47 72 6f 75 6e 64 c2 a6 76 53 70 65 65 64 d0 c0 a8 63 61 6c 6c 73 69 67 6e a6 4e 
33 30 33 34 51 aa 73 6f 75 72 63 65 54 79 70 65 a3 55 41 54 a3 65 74 61 c0 a9 70 61 69 6e 74 65 
64 41 73 c0 de 00 15 a8 66 6c 69 67 68 74 49 64 a8 34 30 31 62 39 61 32 39 a9 74 69 6d 65 73 74 
61 6d 70 cf 00 00 01 9e ae 84 0c 30 aa 61 69 72 63 72 61 66 74 49 64 a6 41 38 30 36 37 37 a7 72 
61 64 61 72 49 64 a4 35 30 30 30 a4 74 79 70 65 a4 43 36 38 41 ac 72 65 67 69 73 74 72 61 74 69 
6f 6e a6 4e 36 31 36 51 53 a6 6f 72 69 67 69 6e a3 4f 41 4b ab 64 65 73 74 69 6e 61 74 69 6f 6e 
a3 42 55 52 a6 66 6c 69 67 68 74 a6 45 4a 41 36 31 36 a6 73 71 75 61 77 6b a4 37 37 31 31 a8 6c 
61 74 69 74 75 64 65 cb 40 41 19 75 8e 21 96 53 a9 6c 6f 6e 67 69 74 75 64 65 cb c0 5d 97 1e 3a 
7d aa 50 a5 74 72 61 63 6b 5c a8 61 6c 74 69 74 75 64 65 00 a5 73 70 65 65 64 12 a8 6f 6e 47 72 
6f 75 6e 64 c3 a6 76 53 70 65 65 64 00 a8 63 61 6c 6c 73 69 67 6e a6 45 4a 41 36 31 36 aa 73 6f 
75 72 63 65 54 79 70 65 b0 41 44 53 2d 42 20 56 6f 6c 75 6e 74 65 65 72 73 a3 65 74 61 c0 a9 70 
61 69 6e 74 65 64 41 73 a3 45 4a 41 de 00 15 a8 66 6c 69 67 68 74 49 64 a8 34 30 31 63 33 34 32 
36 a9 74 69 6d 65 73 74 61 6d 70 cf 00 00 01 9e ae 83 fc 90 aa 61 69 72 63 72 61 66 74 49 64 a6 
41 35 35 41 34 37 a7 72 61 64 61 72 49 64 a3 32 30 30 a4 74 79 70 65 a4 48 32 35 42 ac 72 65 67 
69 73 74 72 61 74 69 6f 6e a6 4e 34 34 34 4a 46 a6 6f 72 69 67 69 6e a3 56 4e 59 ab 64 65 73 74 
69 6e 61 74 69 6f 6e a0 a6 66 6c 69 67 68 74 a0 a6 73 71 75 61 77 6b a4 37 30 31 30 a8 6c 61 74 
69 74 75 64 65 cb 40 41 1a f7 8f ee f5 ed a9 6c 6f 6e 67 69 74 75 64 65 cb c0 5d 9e fa ac d9 e8 
3e a5 74 72 61 63 6b cc b4 a8 61 6c 74 69 74 75 64 65 00 a5 73 70 65 65 64 00 a8 6f 6e 47 72 6f 
75 6e 64 c3 a6 76 53 70 65 65 64 00 a8 63 61 6c 6c 73 69 67 6e a6 4e 34 34 34 4a 46 aa 73 6f 75 
72 63 65 54 79 70 65 b4 41 44 53 2d 42 20 46 52 32 34 20 72 65 63 65 69 76 65 72 73 a3 65 74 61 
c0 a9 70 61 69 6e 74 65 64 41 73 c0 de 00 15 a8 66 6c 69 67 68 74 49 64 a8 34 30 31 63 34 35 33 
66 a9 74 69 6d 65 73 74 61 6d 70 cf 00 00 01 9e ae 84 08 48 aa 61 69 72 63 72 61 66 74 49 64 a6 
41 31 43 32 46 31 a7 72 61 64 61 72 49 64 a4 35 30 30 30 a4 74 79 70 65 a4 42 37 33 37 ac 72 65 
67 69 73 74 72 61 74 69 6f 6e a6 4e 32 31 32 57 4e a6 6f 72 69 67 69 6e a3 42 55 52 ab 64 65 73 
74 69 6e 61 74 69 6f 6e a3 53 4a 43 a6 66 6c 69 67 68 74 a6 57 4e 34 38 38 33 a6 73 71 75 61 77 
6b a4 32 30 34 36 a8 6c 61 74 69 74 75 64 65 cb 40 41 19 3c 89 f4 0a 28 a9 6c 6f 6e 67 69 74 75 
64 65 cb c0 5d 96 76 f2 a5 a4 6a a5 74 72 61 63 6b cd 01 0e a8 61 6c 74 69 74 75 64 65 00 a5 73 
70 65 65 64 00 a8 6f 6e 47 72 6f 75 6e 64 c3 a6 76 53 70 65 65 64 00 a8 63 61 6c 6c 73 69 67 6e 
a7 53 57 41 34 38 38 33 aa 73 6f 75 72 63 65 54 79 70 65 b0 41 44 53 2d 42 20 56 6f 6c 75 6e 74 
65 65 72 73 a3 65 74 61 c0 a9 70 61 69 6e 74 65 64 41 73 a3 53 57 41 de 00 15 a8 66 6c 69 67 68 
74 49 64 a8 34 30 31 63 34 66 65 62 a9 74 69 6d 65 73 74 61 6d 70 cf 00 00 01 9e ae 84 00 78 aa 
61 69 72 63 72 61 66 74 49 64 a6 41 42 38 32 37 32 a7 72 61 64 61 72 49 64 a3 32 30 30 a4 74 79 
70 65 a4 50 32 38 41 ac 72 65 67 69 73 74 72 61 74 69 6f 6e a6 4e 38 34 30 31 35 a6 6f 72 69 67 
69 6e a3 56 4e 59 ab 64 65 73 74 69 6e 61 74 69 6f 6e a0 a6 66 6c 69 67 68 74 a0 a6 73 71 75 61 
77 6b a4 30 32 37 30 a8 6c 61 74 69 74 75 64 65 cb 40 41 19 66 7b 5f 1b ef a9 6c 6f 6e 67 69 74 
75 64 65 cb c0 5d 9f 31 3b e2 2e 5e a5 74 72 61 63 6b cc ac a8 61 6c 74 69 74 75 64 65 cd 06 40 
a5 73 70 65 65 64 53 a8 6f 6e 47 72 6f 75 6e 64 c2 a6 76 53 70 65 65 64 cd 02 c0 a8 63 61 6c 6c 
73 69 67 6e a6 4e 38 34 30 31 35 aa 73 6f 75 72 63 65 54 79 70 65 a3 55 41 54 a3 65 74 61 c0 a9 
70 61 69 6e 74 65 64 41 73 c0 de 00 15 a8 66 6c 69 67 68 74 49 64 a8 34 30 31 63 32 66 37 38 a9 
74 69 6d 65 73 74 61 6d 70 cf 00 00 01 9e ae 84 0c 30 aa 61 69 72 63 72 61 66 74 49 64 a6 41 44 
35 41 34 42 a7 72 61 64 61 72 49 64 a3 32 30 30 a4 74 79 70 65 a4 43 31 37 32 ac 72 65 67 69 73 
74 72 61 74 69 6f 6e a5 4e 39 36 46 41 a6 6f 72 69 67 69 6e a3 52 42 46 ab 64 65 73 74 69 6e 61 
74 69 6f 6e a0 a6 66 6c 69 67 68 74 a0 a6 73 71 75 61 77 6b a4 30 32 32 32 a8 6c 61 74 69 74 75 
64 65 cb 40 41 1c 02 9f 16 b1 1c a9 6c 6f 6e 67 69 74 75 64 65 cb c0 5d 9f 5c 52 e7 2d a1 a5 74 
72 61 63 6b cc b1 a8 61 6c 74 69 74 75 64 65 cd 03 6b a5 73 70 65 65 64 3c a8 6f 6e 47 72 6f 75 
6e 64 c2 a6 76 53 70 65 65 64 d1 fe 80 a8 63 61 6c 6c 73 69 67 6e a5 4e 39 36 46 41 aa 73 6f 75 
72 63 65 54 79 70 65 b4 41 44 53 2d 42 20 46 52 32 34 20 72 65 63 65 69 76 65 72 73 a3 65 74 61 
c0 a9 70 61 69 6e 74 65 64 41 73 c0 de 00 15 a8 66 6c 69 67 68 74 49 64 a8 34 30 31 63 33 62 39 
62 a9 74 69 6d 65 73 74 61 6d 70 cf 00 00 01 9e ae 84 0c 30 aa 61 69 72 63 72 61 66 74 49 64 a6 
41 35 35 42 37 41 a7 72 61 64 61 72 49 64 a4 35 30 30 30 a4 74 79 70 65 a4 42 37 33 37 ac 72 65 
67 69 73 74 72 61 74 69 6f 6e a6 4e 34 34 34 57 4e a6 6f 72 69 67 69 6e a3 42 55 52 ab 64 65 73 
74 69 6e 61 74 69 6f 6e a3 44 45 4e a6 66 6c 69 67 68 74 a5 57 4e 39 39 32 a6 73 71 75 61 77 6b 
a4 32 34 34 30 a8 6c 61 74 69 74 75 64 65 cb 40 41 1a bd e3 fb bd 7b a9 6c 6f 6e 67 69 74 75 64 
65 cb c0 5d 96 ec 41 dd 1a 22 a5 74 72 61 63 6b cd 01 59 a8 61 6c 74 69 74 75 64 65 00 a5 73 70 
65 65 64 0a a8 6f 6e 47 72 6f 75 6e 64 c3 a6 76 53 70 65 65 64 00 a8 63 61 6c 6c 73 69 67 6e a6 
53 57 41 39 39 32 aa 73 6f 75 72 63 65 54 79 70 65 b0 41 44 53 2d 42 20 56 6f 6c 75 6e 74 65 65 
72 73 a3 65 74 61 c0 a9 70 61 69 6e 74 65 64 41 73 a3 53 57 41 de 00 15 a8 66 6c 69 67 68 74 49 
64 a8 34 30 31 63 34 66 61 38 a9 74 69 6d 65 73 74 61 6d 70 cf 00 00 01 9e ae 83 e5 20 aa 61 69 
72 63 72 61 66 74 49 64 a6 41 32 45 44 42 34 a7 72 61 64 61 72 49 64 a4 35 30 30 30 a4 74 79 70 
65 a4 42 37 33 37 ac 72 65 67 69 73 74 72 61 74 69 6f 6e a6 4e 32 38 38 57 4e a6 6f 72 69 67 69 
6e a3 42 55 52 ab 64 65 73 74 69 6e 61 74 69 6f 6e a3 4c 41 53 a6 66 6c 69 67 68 74 a6 57 4e 38 
35 30 39 a6 73 71 75 61 77 6b a4 34 36 37 32 a8 6c 61 74 69 74 75 64 65 cb 40 41 19 2e c6 bc e8 
53 a9 6c 6f 6e 67 69 74 75 64 65 cb c0 5d 96 70 e2 c1 2a d8 a5 74 72 61 63 6b cc b4 a8 61 6c 74 
69 74 75 64 65 00 a5 73 70 65 65 64 00 a8 6f 6e 47 72 6f 75 6e 64 c3 a6 76 53 70 65 65 64 00 a8 
63 61 6c 6c 73 69 67 6e a7 53 57 41 38 35 30 39 aa 73 6f 75 72 63 65 54 79 70 65 b0 41 44 53 2d 
42 20 56 6f 6c 75 6e 74 65 65 72 73 a3 65 74 61 c0 a9 70 61 69 6e 74 65 64 41 73 a3 53 57 41 de 
00 15 a8 66 6c 69 67 68 74 49 64 a8 34 30 31 63 33 37 32 36 a9 74 69 6d 65 73 74 61 6d 70 cf 00 
00 01 9e ae 83 fc 90 aa 61 69 72 63 72 61 66 74 49 64 a6 41 37 34 32 34 35 a7 72 61 64 61 72 49 
64 a3 32 30 30 a4 74 79 70 65 a3 52 34 34 ac 72 65 67 69 73 74 72 61 74 69 6f 6e a6 4e 35 36 37 
50 57 a6 6f 72 69 67 69 6e a3 43 4e 4f ab 64 65 73 74 69 6e 61 74 69 6f 6e a3 56 4e 59 a6 66 6c 
69 67 68 74 a0 a6 73 71 75 61 77 6b a4 31 32 30 30 a8 6c 61 74 69 74 75 64 65 cb 40 41 19 29 34 
ac af f7 a9 6c 6f 6e 67 69 74 75 64 65 cb c0 5d 9f 6a e7 d5 66 cf a5 74 72 61 63 6b cd 01 57 a8 
61 6c 74 69 74 75 64 65 00 a5 73 70 65 65 64 00 a8 6f 6e 47 72 6f 75 6e 64 c3 a6 76 53 70 65 65 
64 00 a8 63 61 6c 6c 73 69 67 6e a6 4e 35 36 37 50 57 aa 73 6f 75 72 63 65 54 79 70 65 b4 41 44 
53 2d 42 20 46 52 32 34 20 72 65 63 65 69 76 65 72 73 a3 65 74 61 c0 a9 70 61 69 6e 74 65 64 41 
73 c0 de 00 15 a8 66 6c 69 67 68 74 49 64 a8 34 30 31 63 33 34 61 33 a9 74 69 6d 65 73 74 61 6d 
70 cf 00 00 01 9e ae 84 04 60 aa 61 69 72 63 72 61 66 74 49 64 a6 41 43 39 38 34 30 a7 72 61 64 
61 72 49 64 a3 32 30 30 a4 74 79 70 65 a4 43 31 37 32 ac 72 65 67 69 73 74 72 61 74 69 6f 6e a6 
4e 39 31 30 53 45 a6 6f 72 69 67 69 6e a3 41 50 56 ab 64 65 73 74 69 6e 61 74 69 6f 6e a3 56 4e 
59 a6 66 6c 69 67 68 74 a0 a6 73 71 75 61 77 6b a4 31 32 30 30 a8 6c 61 74 69 74 75 64 65 cb 40 
41 1a e8 7d 2c 7b 89 a9 6c 6f 6e 67 69 74 75 64 65 cb c0 5d 9f 63 5e 74 29 9e a5 74 72 61 63 6b 
cd 01 0b a8 61 6c 74 69 74 75 64 65 00 a5 73 70 65 65 64 11 a8 6f 6e 47 72 6f 75 6e 64 c3 a6 76 
53 70 65 65 64 00 a8 63 61 6c 6c 73 69 67 6e a6 4e 39 31 30 53 45 aa 73 6f 75 72 63 65 54 79 70 
65 b4 41 44 53 2d 42 20 46 52 32 34 20 72 65 63 65 69 76 65 72 73 a3 65 74 61 c0 a9 70 61 69 6e 
74 65 64 41 73 c0 de 00 15 a8 66 6c 69 67 68 74 49 64 a8 34 30 31 63 35 30 61 64 a9 74 69 6d 65 
73 74 61 6d 70 cf 00 00 01 9e ae 84 00 78 aa 61 69 72 63 72 61 66 74 49 64 a6 41 31 45 36 42 39 
a7 72 61 64 61 72 49 64 a4 35 30 30 30 a4 74 79 70 65 a4 42 37 33 37 ac 72 65 67 69 73 74 72 61 
74 69 6f 6e a6 4e 32 32 31 57 4e a6 6f 72 69 67 69 6e a3 42 55 52 ab 64 65 73 74 69 6e 61 74 69 
6f 6e a3 53 4d 46 a6 66 6c 69 67 68 74 a5 57 4e 38 35 31 a6 73 71 75 61 77 6b a4 37 36 33 37 a8 
6c 61 74 69 74 75 64 65 cb 40 41 19 2e c6 bc e8 53 a9 6c 6f 6e 67 69 74 75 64 65 cb c0 5d 96 7f 
4d bd f8 f4 a5 74 72 61 63 6b cc b6 a8 61 6c 74 69 74 75 64 65 00 a5 73 70 65 65 64 00 a8 6f 6e 
47 72 6f 75 6e 64 c3 a6 76 53 70 65 65 64 00 a8 63 61 6c 6c 73 69 67 6e a6 53 57 41 38 35 31 aa 
73 6f 75 72 63 65 54 79 70 65 b0 41 44 53 2d 42 20 56 6f 6c 75 6e 74 65 65 72 73 a3 65 74 61 c0 
a9 70 61 69 6e 74 65 64 41 73 a3 53 57 41 de 00 15 a8 66 6c 69 67 68 74 49 64 a8 34 30 31 63 33 
66 31 36 a9 74 69 6d 65 73 74 61 6d 70 cf 00 00 01 9e ae 84 04 60 aa 61 69 72 63 72 61 66 74 49 
64 a6 41 34 41 38 32 38 a7 72 61 64 61 72 49 64 a3 32 30 30 a4 74 79 70 65 a4 54 32 31 30 ac 72 
65 67 69 73 74 72 61 74 69 6f 6e a4 4e 34 43 47 a6 6f 72 69 67 69 6e a3 43 4e 4f ab 64 65 73 74 
69 6e 61 74 69 6f 6e a3 56 4e 59 a6 66 6c 69 67 68 74 a0 a6 73 71 75 61 77 6b a4 35 33 32 36 a8 
6c 61 74 69 74 75 64 65 cb 40 41 1a b8 51 eb 85 1f a9 6c 6f 6e 67 69 74 75 64 65 cb c0 5d 9f 3f 
52 fc 26 57 a5 74 72 61 63 6b cc ae a8 61 6c 74 69 74 75 64 65 00 a5 73 70 65 65 64 0f a8 6f 6e 
47 72 6f 75 6e 64 c3 a6 76 53 70 65 65 64 00 a8 63 61 6c 6c 73 69 67 6e a4 4e 34 43 47 aa 73 6f 
75 72 63 65 54 79 70 65 b4 41 44 53 2d 42 20 46 52 32 34 20 72 65 63 65 69 76 65 72 73 a3 65 74 
61 c0 a9 70 61 69 6e 74 65 64 41 73 c0 de 00 15 a8 66 6c 69 67 68 74 49 64 a8 34 30 31 36 66 31 
33 33 a9 74 69 6d 65 73 74 61 6d 70 cf 00 00 01 9e ae 83 fc 90 aa 61 69 72 63 72 61 66 74 49 64 
a6 41 32 30 39 37 42 a7 72 61 64 61 72 49 64 a4 35 30 30 30 a4 74 79 70 65 a4 41 53 35 30 ac 72 
65 67 69 73 74 72 61 74 69 6f 6e a6 4e 32 33 30 4c 41 a6 6f 72 69 67 69 6e a3 43 43 44 ab 64 65 
73 74 69 6e 61 74 69 6f 6e a3 56 4e 59 a6 66 6c 69 67 68 74 a0 a6 73 71 75 61 77 6b a4 31 32 30 
30 a8 6c 61 74 69 74 75 64 65 cb 40 41 1b ab c9 47 06 4f a9 6c 6f 6e 67 69 74 75 64 65 cb c0 5d 
9f b2 80 f1 2c 28 a5 74 72 61 63 6b cd 01 08 a8 61 6c 74 69 74 75 64 65 00 a5 73 70 65 65 64 00 
a8 6f 6e 47 72 6f 75 6e 64 c3 a6 76 53 70 65 65 64 00 a8 63 61 6c 6c 73 69 67 6e a6 4e 32 33 30 
4c 41 aa 73 6f 75 72 63 65 54 79 70 65 b0 41 44 53 2d 42 20 56 6f 6c 75 6e 74 65 65 72 73 a3 65 
74 61 c0 a9 70 61 69 6e 74 65 64 41 73 c0 de 00 15 a8 66 6c 69 67 68 74 49 64 a8 34 30 31 63 33 
31 62 66 a9 74 69 6d 65 73 74 61 6d 70 cf 00 00 01 9e ae 84 04 60 aa 61 69 72 63 72 61 66 74 49 
64 a6 41 36 33 35 36 33 a7 72 61 64 61 72 49 64 a3 32 30 30 a4 74 79 70 65 a4 50 32 38 41 ac 72 
65 67 69 73 74 72 61 74 69 6f 6e a4 4e 35 42 4d a6 6f 72 69 67 69 6e a3 56 4e 59 ab 64 65 73 74 
69 6e 61 74 69 6f 6e a0 a6 66 6c 69 67 68 74 a0 a6 73 71 75 61 77 6b a4 30 32 35 34 a8 6c 61 74 
69 74 75 64 65 cb 40 41 1e 2f 59 89 df 11 a9 6c 6f 6e 67 69 74 75 64 65 cb c0 5d 9f 75 3a 3e c0 
2f a5 74 72 61 63 6b cc b0 a8 61 6c 74 69 74 75 64 65 cd 05 dc a5 73 70 65 65 64 44 a8 6f 6e 47 
72 6f 75 6e 64 c2 a6 76 53 70 65 65 64 d1 fe 40 a8 63 61 6c 6c 73 69 67 6e a4 4e 35 42 4d aa 73 
6f 75 72 63 65 54 79 70 65 b4 41 44 53 2d 42 20 46 52 32 34 20 72 65 63 65 69 76 65 72 73 a3 65 
74 61 c0 a9 70 61 69 6e 74 65 64 41 73 c0 de 00 15 a8 66 6c 69 67 68 74 49 64 a8 34 30 31 62 38 
64 34 39 a9 74 69 6d 65 73 74 61 6d 70 cf 00 00 01 9e ae 83 e9 08 aa 61 69 72 63 72 61 66 74 49 
64 a6 41 43 46 44 46 34 a7 72 61 64 61 72 49 64 a4 35 30 30 30 a4 74 79 70 65 a4 42 37 33 37 ac 
72 65 67 69 73 74 72 61 74 69 6f 6e a6 4e 39 33 36 57 4e a6 6f 72 69 67 69 6e a3 4d 44 57 ab 64 
65 73 74 69 6e 61 74 69 6f 6e a3 42 55 52 a6 66 6c 69 67 68 74 a6 57 4e 33 37 35 35 a6 73 71 75 
61 77 6b a4 31 33 37 33 a8 6c 61 74 69 74 75 64 65 cb 40 41 19 2f 6e 82 94 9a a9 6c 6f 6e 67 69 
74 75 64 65 cb c0 5d 96 86 ad 2d cb 14 a5 74 72 61 63 6b cc b4 a8 61 6c 74 69 74 75 64 65 00 a5 
73 70 65 65 64 00 a8 6f 6e 47 72 6f 75 6e 64 c3 a6 76 53 70 65 65 64 00 a8 63 61 6c 6c 73 69 67 
6e a7 53 57 41 33 37 35 35 aa 73 6f 75 72 63 65 54 79 70 65 b0 41 44 53 2d 42 20 56 6f 6c 75 6e 
74 65 65 72 73 a3 65 74 61 cf 00 00 01 9e ae 82 62 68 a9 70 61 69 6e 74 65 64 41 73 a3 53 57 41 
de 00 15 a8 66 6c 69 67 68 74 49 64 a8 34 30 31 63 35 35 33 32 a9 74 69 6d 65 73 74 61 6d 70 cf 
00 00 01 9e ae 84 08 48 aa 61 69 72 63 72 61 66 74 49 64 a6 41 38 30 32 33 42 a7 72 61 64 61 72 
49 64 a4 35 30 30 30 a4 74 79 70 65 a4 43 32 35 42 ac 72 65 67 69 73 74 72 61 74 69 6f 6e a6 4e 
36 31 35 4b 4a a6 6f 72 69 67 69 6e a3 56 4e 59 ab 64 65 73 74 69 6e 61 74 69 6f 6e a3 4c 41 58 
a6 66 6c 69 67 68 74 a5 53 49 53 36 31 a6 73 71 75 61 77 6b a4 33 32 30 36 a8 6c 61 74 69 74 75 
64 65 cb 40 41 1c 1c 82 16 c6 15 a9 6c 6f 6e 67 69 74 75 64 65 cb c0 5d 9f 9d b2 2d 0e 56 a5 74 
72 61 63 6b 51 a8 61 6c 74 69 74 75 64 65 00 a5 73 70 65 65 64 00 a8 6f 6e 47 72 6f 75 6e 64 c3 
a6 76 53 70 65 65 64 00 a8 63 61 6c 6c 73 69 67 6e a5 53 49 53 36 31 aa 73 6f 75 72 63 65 54 79 
70 65 b0 41 44 53 2d 42 20 56 6f 6c 75 6e 74 65 65 72 73 a3 65 74 61 c0 a9 70 61 69 6e 74 65 64 
41 73 a3 53 49 53 de 00 15 a8 66 6c 69 67 68 74 49 64 a8 34 30 31 63 32 38 39 65 a9 74 69 6d 65 
73 74 61 6d 70 cf 00 00 01 9e ae 84 04 60 aa 61 69 72 63 72 61 66 74 49 64 a6 41 35 32 39 39 43 
a7 72 61 64 61 72 49 64 a3 32 30 30 a4 74 79 70 65 a4 50 32 38 41 ac 72 65 67 69 73 74 72 61 74 
69 6f 6e a6 4e 34 33 31 33 46 a6 6f 72 69 67 69 6e a3 56 4e 59 ab 64 65 73 74 69 6e 61 74 69 6f 
6e a0 a6 66 6c 69 67 68 74 a0 a6 73 71 75 61 77 6b a4 30 32 34 35 a8 6c 61 74 69 74 75 64 65 cb 
40 41 1a b0 20 c4 9b a6 a9 6c 6f 6e 67 69 74 75 64 65 cb c0 5d 9f 6a 40 0f ba 88 a5 74 72 61 63 
6b cc ce a8 61 6c 74 69 74 75 64 65 cd 03 6b a5 73 70 65 65 64 0f a8 6f 6e 47 72 6f 75 6e 64 c2 
a6 76 53 70 65 65 64 00 a8 63 61 6c 6c 73 69 67 6e a6 4e 34 33 31 33 46 aa 73 6f 75 72 63 65 54 
79 70 65 b4 41 44 53 2d 42 20 46 52 32 34 20 72 65 63 65 69 76 65 72 73 a3 65 74 61 c0 a9 70 61 
69 6e 74 65 64 41 73 c0 de 00 15 a8 66 6c 69 67 68 74 49 64 a8 34 30 31 63 35 36 32 35 a9 74 69 
6d 65 73 74 61 6d 70 cf 00 00 01 9e ae 84 00 78 aa 61 69 72 63 72 61 66 74 49 64 a6 41 33 42 45 
36 41 a7 72 61 64 61 72 49 64 a3 32 30 30 a4 74 79 70 65 a4 43 33 34 30 ac 72 65 67 69 73 74 72 
61 74 69 6f 6e a6 4e 33 34 30 4d 4a a6 6f 72 69 67 69 6e a3 56 4e 59 ab 64 65 73 74 69 6e 61 74 
69 6f 6e a3 43 4e 4f a6 66 6c 69 67 68 74 a0 a6 73 71 75 61 77 6b a4 34 37 35 33 a8 6c 61 74 69 
74 75 64 65 cb 40 41 1a 41 b3 28 b6 d8 a9 6c 6f 6e 67 69 74 75 64 65 cb c0 5d 9f 95 81 06 24 dd 
a5 74 72 61 63 6b 2a a8 61 6c 74 69 74 75 64 65 00 a5 73 70 65 65 64 00 a8 6f 6e 47 72 6f 75 6e 
64 c3 a6 76 53 70 65 65 64 00 a8 63 61 6c 6c 73 69 67 6e a6 4e 33 34 30 4d 4a aa 73 6f 75 72 63 
65 54 79 70 65 b4 41 44 53 2d 42 20 46 52 32 34 20 72 65 63 65 69 76 65 72 73 a3 65 74 61 c0 a9 
70 61 69 6e 74 65 64 41 73 c0 de 00 15 a8 66 6c 69 67 68 74 49 64 a8 34 30 31 63 33 34 63 36 a9 
74 69 6d 65 73 74 61 6d 70 cf 00 00 01 9e ae 84 08 48 aa 61 69 72 63 72 61 66 74 49 64 a6 41 33 
37 39 36 42 a7 72 61 64 61 72 49 64 a4 35 30 30 30 a4 74 79 70 65 a4 50 32 38 41 ac 72 65 67 69 
73 74 72 61 74 69 6f 6e a6 4e 33 32 32 39 31 a6 6f 72 69 67 69 6e a3 56 4e 59 ab 64 65 73 74 69 
6e 61 74 69 6f 6e a0 a6 66 6c 69 67 68 74 a0 a6 73 71 75 61 77 6b a4 30 32 35 31 a8 6c 61 74 69 
74 75 64 65 cb 40 41 1c 02 f2 f9 87 40 a9 6c 6f 6e 67 69 74 75 64 65 cb c0 5d 9f 54 4b b1 af 3a 
a5 74 72 61 63 6b cd 01 5f a8 61 6c 74 69 74 75 64 65 00 a5 73 70 65 65 64 00 a8 6f 6e 47 72 6f 
75 6e 64 c3 a6 76 53 70 65 65 64 00 a8 63 61 6c 6c 73 69 67 6e a6 4e 33 32 32 39 31 aa 73 6f 75 
72 63 65 54 79 70 65 b0 41 44 53 2d 42 20 56 6f 6c 75 6e 74 65 65 72 73 a3 65 74 61 c0 a9 70 61 
69 6e 74 65 64 41 73 c0 de 00 15 a8 66 6c 69 67 68 74 49 64 a8 34 30 31 63 35 36 66 33 a9 74 69 
6d 65 73 74 61 6d 70 cf 00 00 01 9e ae 84 08 48 aa 61 69 72 63 72 61 66 74 49 64 a6 41 33 33 31 
42 35 a7 72 61 64 61 72 49 64 a4 37 37 34 32 a4 74 79 70 65 a4 50 41 33 34 ac 72 65 67 69 73 74 
72 61 74 69 6f 6e a6 4e 33 30 34 38 59 a6 6f 72 69 67 69 6e a0 ab 64 65 73 74 69 6e 61 74 69 6f 
6e a0 a6 66 6c 69 67 68 74 a0 a6 73 71 75 61 77 6b a4 30 32 31 36 a8 6c 61 74 69 74 75 64 65 cb 
40 41 1a dd 05 29 34 ad a9 6c 6f 6e 67 69 74 75 64 65 cb c0 5d 98 1d d1 a2 1e a3 a5 74 72 61 63 
6b cc cb a8 61 6c 74 69 74 75 64 65 cd 0a 28 a5 73 70 65 65 64 7c a8 6f 6e 47 72 6f 75 6e 64 c2 
a6 76 53 70 65 65 64 00 a8 63 61 6c 6c 73 69 67 6e a6 4e 33 30 34 38 59 aa 73 6f 75 72 63 65 54 
79 70 65 a4 4d 4c 41 54 a3 65 74 61 c0 a9 70 61 69 6e 74 65 64 41 73 c0 de 00 15 a8 66 6c 69 67 
68 74 49 64 a8 34 30 31 62 63 61 33 66 a9 74 69 6d 65 73 74 61 6d 70 cf 00 00 01 9e ae 83 48 e0 
aa 61 69 72 63 72 61 66 74 49 64 a6 41 32 31 46 46 36 a7 72 61 64 61 72 49 64 a3 32 30 30 a4 74 
79 70 65 a4 43 4c 36 30 ac 72 65 67 69 73 74 72 61 74 69 6f 6e a5 4e 32 33 36 4e a6 6f 72 69 67 
69 6e a3 56 4e 59 ab 64 65 73 74 69 6e 61 74 69 6f 6e a0 a6 66 6c 69 67 68 74 a0 a6 73 71 75 61 
77 6b a4 34 36 36 31 a8 6c 61 74 69 74 75 64 65 cb 40 41 1a 2b 17 04 ff 43 a9 6c 6f 6e 67 69 74 
75 64 65 cb c0 5d 9f 81 ad ea 89 76 a5 74 72 61 63 6b 5a a8 61 6c 74 69 74 75 64 65 cd 03 52 a5 
73 70 65 65 64 01 a8 6f 6e 47 72 6f 75 6e 64 c2 a6 76 53 70 65 65 64 00 a8 63 61 6c 6c 73 69 67 
6e a5 4e 32 33 36 4e aa 73 6f 75 72 63 65 54 79 70 65 b4 41 44 53 2d 42 20 46 52 32 34 20 72 65 
63 65 69 76 65 72 73 a3 65 74 61 c0 a9 70 61 69 6e 74 65 64 41 73 c0 de 00 15 a8 66 6c 69 67 68 
74 49 64 a8 34 30 31 63 34 31 64 65 a9 74 69 6d 65 73 74 61 6d 70 cf 00 00 01 9e ae 84 08 48 aa 
61 69 72 63 72 61 66 74 49 64 a6 41 41 37 37 42 33 a7 72 61 64 61 72 49 64 a3 32 30 30 a4 74 79 
70 65 a4 50 41 33 30 ac 72 65 67 69 73 74 72 61 74 69 6f 6e a6 4e 37 37 33 38 59 a6 6f 72 69 67 
69 6e a3 56 4e 59 ab 64 65 73 74 69 6e 61 74 69 6f 6e a0 a6 66 6c 69 67 68 74 a0 a6 73 71 75 61 
77 6b a4 30 32 34 37 a8 6c 61 74 69 74 75 64 65 cb 40 41 1d 9b 3d 07 c8 4b a9 6c 6f 6e 67 69 74 
75 64 65 cb c0 5d 9f 84 76 f2 a5 a4 a5 74 72 61 63 6b cc ad a8 61 6c 74 69 74 75 64 65 cd 04 65 
a5 73 70 65 65 64 4f a8 6f 6e 47 72 6f 75 6e 64 c2 a6 76 53 70 65 65 64 d1 ff 00 a8 63 61 6c 6c 
73 69 67 6e a6 4e 37 37 33 38 59 aa 73 6f 75 72 63 65 54 79 70 65 b4 41 44 53 2d 42 20 46 52 32 
34 20 72 65 63 65 69 76 65 72 73 a3 65 74 61 c0 a9 70 61 69 6e 74 65 64 41 73 c0 de 00 15 a8 66 
6c 69 67 68 74 49 64 a8 34 30 31 63 34 35 66 38 a9 74 69 6d 65 73 74 61 6d 70 cf 00 00 01 9e ae 
84 0c 30 aa 61 69 72 63 72 61 66 74 49 64 a6 41 34 44 45 44 33 a7 72 61 64 61 72 49 64 a3 32 30 
30 a4 74 79 70 65 a4 50 32 38 41 ac 72 65 67 69 73 74 72 61 74 69 6f 6e a6 4e 34 31 32 36 32 a6 
6f 72 69 67 69 6e a3 4c 47 42 ab 64 65 73 74 69 6e 61 74 69 6f 6e a0 a6 66 6c 69 67 68 74 a0 a6 
73 71 75 61 77 6b a4 30 30 30 30 a8 6c 61 74 69 74 75 64 65 cb 40 41 0c 50 9b f9 c6 2a a9 6c 6f 
6e 67 69 74 75 64 65 cb c0 5d ab db 22 d0 e5 60 a5 74 72 61 63 6b cd 01 20 a8 61 6c 74 69 74 75 
64 65 cd 11 94 a5 73 70 65 65 64 60 a8 6f 6e 47 72 6f 75 6e 64 c2 a6 76 53 70 65 65 64 00 a8 63 
61 6c 6c 73 69 67 6e a6 4e 34 31 32 36 32 aa 73 6f 75 72 63 65 54 79 70 65 a3 55 41 54 a3 65 74 
61 c0 a9 70 61 69 6e 74 65 64 41 73 c0 de 00 15 a8 66 6c 69 67 68 74 49 64 a8 34 30 31 63 34 65 
31 33 a9 74 69 6d 65 73 74 61 6d 70 cf 00 00 01 9e ae 84 04 60 aa 61 69 72 63 72 61 66 74 49 64 
a6 41 36 44 30 45 41 a7 72 61 64 61 72 49 64 a3 32 30 30 a4 74 79 70 65 a4 43 31 37 32 ac 72 65 
67 69 73 74 72 61 74 69 6f 6e a6 4e 35 33 38 33 44 a6 6f 72 69 67 69 6e a3 53 4d 4f ab 64 65 73 
74 69 6e 61 74 69 6f 6e a0 a6 66 6c 69 67 68 74 a0 a6 73 71 75 61 77 6b a4 30 32 31 37 a8 6c 61 
74 69 74 75 64 65 cb 40 41 0b cb e6 1c ff eb a9 6c 6f 6e 67 69 74 75 64 65 cb c0 5d a6 f2 a5 a4 
69 d7 a5 74 72 61 63 6b cd 01 40 a8 61 6c 74 69 74 75 64 65 cd 0f a0 a5 73 70 65 65 64 66 a8 6f 
6e 47 72 6f 75 6e 64 c2 a6 76 53 70 65 65 64 40 a8 63 61 6c 6c 73 69 67 6e a6 4e 35 33 38 33 44 
aa 73 6f 75 72 63 65 54 79 70 65 b4 41 44 53 2d 42 20 46 52 32 34 20 72 65 63 65 69 76 65 72 73 
a3 65 74 61 c0 a9 70 61 69 6e 74 65 64 41 73 c0 de 00 15 a8 66 6c 69 67 68 74 49 64 a8 34 30 31 
63 31 37 63 62 a9 74 69 6d 65 73 74 61 6d 70 cf 00 00 01 9e ae 84 04 60 aa 61 69 72 63 72 61 66 
74 49 64 a6 41 33 32 41 46 38 a7 72 61 64 61 72 49 64 a3 32 30 30 a4 74 79 70 65 a4 41 31 33 39 
ac 72 65 67 69 73 74 72 61 74 69 6f 6e a6 4e 33 30 33 46 44 a6 6f 72 69 67 69 6e a3 56 4e 59 ab 
64 65 73 74 69 6e 61 74 69 6f 6e a0 a6 66 6c 69 67 68 74 a0 a6 73 71 75 61 77 6b a4 31 32 30 30 
a8 6c 61 74 69 74 75 64 65 cb 40 41 08 c5 43 6b 8f 9b a9 6c 6f 6e 67 69 74 75 64 65 cb c0 5d ac 
d0 bb 6e d6 77 a5 74 72 61 63 6b cc aa a8 61 6c 74 69 74 75 64 65 cd 06 ef a5 73 70 65 65 64 67 
a8 6f 6e 47 72 6f 75 6e 64 c2 a6 76 53 70 65 65 64 d1 fe 40 a8 63 61 6c 6c 73 69 67 6e a5 46 49 
52 45 33 aa 73 6f 75 72 63 65 54 79 70 65 b4 41 44 53 2d 42 20 46 52 32 34 20 72 65 63 65 69 76 
65 72 73 a3 65 74 61 c0 a9 70 61 69 6e 74 65 64 41 73 c0 de 00 15 a8 66 6c 69 67 68 74 49 64 a8 
34 30 31 63 33 31 66 63 a9 74 69 6d 65 73 74 61 6d 70 cf 00 00 01 9e ae 84 08 48 aa 61 69 72 63 
72 61 66 74 49 64 a6 41 39 41 37 44 30 a7 72 61 64 61 72 49 64 a3 32 30 30 a4 74 79 70 65 a4 41 
33 32 31 ac 72 65 67 69 73 74 72 61 74 69 6f 6e a6 4e 37 32 31 46 52 a6 6f 72 69 67 69 6e a3 4c 
41 58 ab 64 65 73 74 69 6e 61 74 69 6f 6e a3 53 45 41 a6 66 6c 69 67 68 74 a6 46 39 31 31 37 37 
a6 73 71 75 61 77 6b a4 37 37 32 33 a8 6c 61 74 69 74 75 64 65 cb 40 40 f6 c5 6d 5c fa ad a9 6c 
6f 6e 67 69 74 75 64 65 cb c0 5d ac d1 39 43 17 ad a5 74 72 61 63 6b cd 01 08 a8 61 6c 74 69 74 
75 64 65 cd 1b 26 a5 73 70 65 65 64 cd 01 18 a8 6f 6e 47 72 6f 75 6e 64 c2 a6 76 53 70 65 65 64 
cd 08 00 a8 63 61 6c 6c 73 69 67 6e a7 46 46 54 31 31 37 37 aa 73 6f 75 72 63 65 54 79 70 65 b4 
41 44 53 2d 42 20 46 52 32 34 20 72 65 63 65 69 76 65 72 73 a3 65 74 61 c0 a9 70 61 69 6e 74 65 
64 41 73 a3 46 46 54 de 00 15 a8 66 6c 69 67 68 74 49 64 a8 34 30 31 63 34 37 62 62 a9 74 69 6d 
65 73 74 61 6d 70 cf 00 00 01 9e ae 84 08 48 aa 61 69 72 63 72 61 66 74 49 64 a6 33 43 34 42 32 
46 a7 72 61 64 61 72 49 64 a3 32 30 30 a4 74 79 70 65 a4 42 37 34 38 ac 72 65 67 69 73 74 72 61 
74 69 6f 6e a6 44 2d 41 42 59 4f a6 6f 72 69 67 69 6e a3 4c 41 58 ab 64 65 73 74 69 6e 61 74 69 
6f 6e a3 46 52 41 a6 66 6c 69 67 68 74 a5 4c 48 34 35 37 a6 73 71 75 61 77 6b a4 31 30 32 37 a8 
6c 61 74 69 74 75 64 65 cb 40 40 f7 29 b2 80 f1 2c a9 6c 6f 6e 67 69 74 75 64 65 cb c0 5d a0 c6 
3f 14 12 06 a5 74 72 61 63 6b cc de a8 61 6c 74 69 74 75 64 65 cd 07 53 a5 73 70 65 65 64 cc d9 
a8 6f 6e 47 72 6f 75 6e 64 c2 a6 76 53 70 65 65 64 cd 01 80 a8 63 61 6c 6c 73 69 67 6e a6 44 4c 
48 34 35 37 aa 73 6f 75 72 63 65 54 79 70 65 b4 41 44 53 2d 42 20 46 52 32 34 20 72 65 63 65 69 
76 65 72 73 a3 65 74 61 cf 00 00 01 9e b1 2c 29 90 a9 70 61 69 6e 74 65 64 41 73 a3 44 4c 48 de 
00 15 a8 66 6c 69 67 68 74 49 64 a8 34 30 31 62 63 65 32 34 a9 74 69 6d 65 73 74 61 6d 70 cf 00 
00 01 9e ae 84 08 48 aa 61 69 72 63 72 61 66 74 49 64 a6 41 33 36 35 46 38 a7 72 61 64 61 72 49 
64 a3 32 30 30 a4 74 79 70 65 a4 45 35 35 50 ac 72 65 67 69 73 74 72 61 74 69 6f 6e a6 4e 33 31 
38 51 53 a6 6f 72 69 67 69 6e a3 41 43 56 ab 64 65 73 74 69 6e 61 74 69 6f 6e a3 4c 41 58 a6 66 
6c 69 67 68 74 a6 45 4a 41 33 31 38 a6 73 71 75 61 77 6b a4 32 34 33 37 a8 6c 61 74 69 74 75 64 
65 cb 40 40 f7 61 67 23 24 c8 a9 6c 6f 6e 67 69 74 75 64 65 cb c0 5d 99 8a da b9 f5 5a a5 74 72 
61 63 6b 49 a8 61 6c 74 69 74 75 64 65 00 a5 73 70 65 65 64 00 a8 6f 6e 47 72 6f 75 6e 64 c3 a6 
76 53 70 65 65 64 00 a8 63 61 6c 6c 73 69 67 6e a6 45 4a 41 33 31 38 aa 73 6f 75 72 63 65 54 79 
70 65 b4 41 44 53 2d 42 20 46 52 32 34 20 72 65 63 65 69 76 65 72 73 a3 65 74 61 cf 00 00 01 9e 
ae 33 d1 20 a9 70 61 69 6e 74 65 64 41 73 a3 45 4a 41 de 00 15 a8 66 6c 69 67 68 74 49 64 a8 34 
30 31 62 65 37 37 63 a9 74 69 6d 65 73 74 61 6d 70 cf 00 00 01 9e ae 84 08 48 aa 61 69 72 63 72 
61 66 74 49 64 a6 41 44 42 46 32 36 a7 72 61 64 61 72 49 64 a3 32 30 30 a4 74 79 70 65 a4 43 36 
38 41 ac 72 65 67 69 73 74 72 61 74 69 6f 6e a6 4e 39 38 35 51 53 a6 6f 72 69 67 69 6e a3 53 4e 
41 ab 64 65 73 74 69 6e 61 74 69 6f 6e a3 4c 41 58 a6 66 6c 69 67 68 74 a6 45 4a 41 39 38 35 a6 
73 71 75 61 77 6b a4 31 30 35 33 a8 6c 61 74 69 74 75 64 65 cb 40 40 f7 92 8e 0c 9d 9d a9 6c 6f 
6e 67 69 74 75 64 65 cb c0 5d 99 4e 8f b0 0b cc a5 74 72 61 63 6b cc b1 a8 61 6c 74 69 74 75 64 
65 00 a5 73 70 65 65 64 00 a8 6f 6e 47 72 6f 75 6e 64 c3 a6 76 53 70 65 65 64 00 a8 63 61 6c 6c 
73 69 67 6e a6 45 4a 41 39 38 35 aa 73 6f 75 72 63 65 54 79 70 65 b4 41 44 53 2d 42 20 46 52 32 
34 20 72 65 63 65 69 76 65 72 73 a3 65 74 61 cf 00 00 01 9e ae 3b 81 e0 a9 70 61 69 6e 74 65 64 
41 73 a3 45 4a 41 de 00 15 a8 66 6c 69 67 68 74 49 64 a8 34 30 31 62 65 64 32 30 a9 74 69 6d 65 
73 74 61 6d 70 cf 00 00 01 9e ae 83 f8 a8 aa 61 69 72 63 72 61 66 74 49 64 a6 41 31 33 33 42 30 
a7 72 61 64 61 72 49 64 a4 35 30 30 30 a4 74 79 70 65 a4 42 37 36 33 ac 72 65 67 69 73 74 72 61 
74 69 6f 6e a6 4e 31 37 37 46 45 a6 6f 72 69 67 69 6e a3 4c 41 58 ab 64 65 73 74 69 6e 61 74 69 
6f 6e a0 a6 66 6c 69 67 68 74 a0 a6 73 71 75 61 77 6b a4 31 34 37 30 a8 6c 61 74 69 74 75 64 65 
cb 40 40 f7 9b ba dc 09 81 a9 6c 6f 6e 67 69 74 75 64 65 cb c0 5d 98 b4 0f 66 a5 51 a5 74 72 61 
63 6b 3b a8 61 6c 74 69 74 75 64 65 00 a5 73 70 65 65 64 00 a8 6f 6e 47 72 6f 75 6e 64 c3 a6 76 
53 70 65 65 64 00 a8 63 61 6c 6c 73 69 67 6e a0 aa 73 6f 75 72 63 65 54 79 70 65 b0 41 44 53 2d 
42 20 56 6f 6c 75 6e 74 65 65 72 73 a3 65 74 61 c0 a9 70 61 69 6e 74 65 64 41 73 a3 46 44 58 de 
00 15 a8 66 6c 69 67 68 74 49 64 a8 34 30 31 63 34 39 65 65 a9 74 69 6d 65 73 74 61 6d 70 cf 00 
00 01 9e ae 84 04 60 aa 61 69 72 63 72 61 66 74 49 64 a6 33 39 34 41 30 39 a7 72 61 64 61 72 49 
64 a3 32 30 30 a4 74 79 70 65 a4 42 37 37 57 ac 72 65 67 69 73 74 72 61 74 69 6f 6e a6 46 2d 47 
53 51 4a a6 6f 72 69 67 69 6e a3 4c 41 58 ab 64 65 73 74 69 6e 61 74 69 6f 6e a3 43 44 47 a6 66 
6c 69 67 68 74 a4 41 46 32 33 a6 73 71 75 61 77 6b a4 32 34 32 31 a8 6c 61 74 69 74 75 64 65 cb 
40 40 f0 05 e5 f3 0e 80 a9 6c 6f 6e 67 69 74 75 64 65 cb c0 5d a0 96 67 b5 f1 bf a5 74 72 61 63 
6b 34 a8 61 6c 74 69 74 75 64 65 cd 25 fd a5 73 70 65 65 64 cd 01 2c a8 6f 6e 47 72 6f 75 6e 64 
c2 a6 76 53 70 65 65 64 cd 08 80 a8 63 61 6c 6c 73 69 67 6e a6 41 46 52 32 33 47 aa 73 6f 75 72 
63 65 54 79 70 65 b4 41 44 53 2d 42 20 46 52 32 34 20 72 65 63 65 69 76 65 72 73 a3 65 74 61 cf 
00 00 01 9e b1 19 f1 80 a9 70 61 69 6e 74 65 64 41 73 a3 41 46 52 de 00 15 a8 66 6c 69 67 68 74 
49 64 a8 34 30 31 63 32 39 39 32 a9 74 69 6d 65 73 74 61 6d 70 cf 00 00 01 9e ae 84 08 48 aa 61 
69 72 63 72 61 66 74 49 64 a6 41 35 35 39 44 46 a7 72 61 64 61 72 49 64 a3 32 30 30 a4 74 79 70 
65 a4 53 4c 47 32 ac 72 65 67 69 73 74 72 61 74 69 6f 6e a6 4e 34 34 34 45 42 a6 6f 72 69 67 69 
6e a3 54 4f 41 ab 64 65 73 74 69 6e 61 74 69 6f 6e a0 a6 66 6c 69 67 68 74 a0 a6 73 71 75 61 77 
6b a4 31 32 30 30 a8 6c 61 74 69 74 75 64 65 cb 40 40 e8 63 9d 5e 4a 38 a9 6c 6f 6e 67 69 74 75 
64 65 cb c0 5d 96 68 33 c6 00 2a a5 74 72 61 63 6b 07 a8 61 6c 74 69 74 75 64 65 cd 03 52 a5 73 
70 65 65 64 4c a8 6f 6e 47 72 6f 75 6e 64 c2 a6 76 53 70 65 65 64 cd 02 00 a8 63 61 6c 6c 73 69 
67 6e a6 4e 34 34 34 45 42 aa 73 6f 75 72 63 65 54 79 70 65 b4 41 44 53 2d 42 20 46 52 32 34 20 
72 65 63 65 69 76 65 72 73 a3 65 74 61 c0 a9 70 61 69 6e 74 65 64 41 73 c0 de 00 15 a8 66 6c 69 
67 68 74 49 64 a8 34 30 31 63 34 33 38 63 a9 74 69 6d 65 73 74 61 6d 70 cf 00 00 01 9e ae 84 04 
60 aa 61 69 72 63 72 61 66 74 49 64 a6 41 43 36 32 42 42 a7 72 61 64 61 72 49 64 a3 32 30 30 a4 
74 79 70 65 a4 43 31 35 32 ac 72 65 67 69 73 74 72 61 74 69 6f 6e a6 4e 38 39 37 37 30 a6 6f 72 
69 67 69 6e a3 54 4f 41 ab 64 65 73 74 69 6e 61 74 69 6f 6e a0 a6 66 6c 69 67 68 74 a0 a6 73 71 
75 61 77 6b a4 31 32 30 30 a8 6c 61 74 69 74 75 64 65 cb 40 40 e6 81 45 0e fd ca a9 6c 6f 6e 67 
69 74 75 64 65 cb c0 5d 95 6c 8b 43 95 81 a5 74 72 61 63 6b cd 01 35 a8 61 6c 74 69 74 75 64 65 
cc af a5 73 70 65 65 64 2a a8 6f 6e 47 72 6f 75 6e 64 c2 a6 76 53 70 65 65 64 00 a8 63 61 6c 6c 
73 69 67 6e a6 4e 38 39 37 37 30 aa 73 6f 75 72 63 65 54 79 70 65 b4 41 44 53 2d 42 20 46 52 32 
34 20 72 65 63 65 69 76 65 72 73 a3 65 74 61 c0 a9 70 61 69 6e 74 65 64 41 73 c0 de 00 15 a8 66 
6c 69 67 68 74 49 64 a8 34 30 31 63 32 30 62 62 a9 74 69 6d 65 73 74 61 6d 70 cf 00 00 01 9e ae 
84 08 48 aa 61 69 72 63 72 61 66 74 49 64 a6 41 37 45 35 38 30 a7 72 61 64 61 72 49 64 a3 32 30 
30 a4 74 79 70 65 a4 43 31 35 32 ac 72 65 67 69 73 74 72 61 74 69 6f 6e a6 4e 36 30 38 46 4d a6 
6f 72 69 67 69 6e a3 54 4f 41 ab 64 65 73 74 69 6e 61 74 69 6f 6e a0 a6 66 6c 69 67 68 74 a0 a6 
73 71 75 61 77 6b a4 31 32 30 30 a8 6c 61 74 69 74 75 64 65 cb 40 40 e6 4a 38 32 76 75 a9 6c 6f 
6e 67 69 74 75 64 65 cb c0 5d 95 54 4b b1 af 3a a5 74 72 61 63 6b 24 a8 61 6c 74 69 74 75 64 65 
00 a5 73 70 65 65 64 01 a8 6f 6e 47 72 6f 75 6e 64 c3 a6 76 53 70 65 65 64 00 a8 63 61 6c 6c 73 
69 67 6e a6 4e 36 30 38 46 4d aa 73 6f 75 72 63 65 54 79 70 65 b4 41 44 53 2d 42 20 46 52 32 34 
20 72 65 63 65 69 76 65 72 73 a3 65 74 61 c0 a9 70 61 69 6e 74 65 64 41 73 c0 de 00 15 a8 66 6c 
69 67 68 74 49 64 a8 34 30 31 63 35 36 30 35 a9 74 69 6d 65 73 74 61 6d 70 cf 00 00 01 9e ae 84 
0c 30 aa 61 69 72 63 72 61 66 74 49 64 a6 41 36 45 41 39 42 a7 72 61 64 61 72 49 64 a3 32 30 30 
a4 74 79 70 65 a4 53 4c 47 32 ac 72 65 67 69 73 74 72 61 74 69 6f 6e a6 4e 35 34 35 42 43 a6 6f 
72 69 67 69 6e a3 54 4f 41 ab 64 65 73 74 69 6e 61 74 69 6f 6e a0 a6 66 6c 69 67 68 74 a0 a6 73 
71 75 61 77 6b a4 31 32 30 30 a8 6c 61 74 69 74 75 64 65 cb 40 40 e6 3f bb d7 b2 03 a9 6c 6f 6e 
67 69 74 75 64 65 cb c0 5d 95 53 26 17 c1 be a5 74 72 61 63 6b cd 01 35 a8 61 6c 74 69 74 75 64 
65 00 a5 73 70 65 65 64 00 a8 6f 6e 47 72 6f 75 6e 64 c3 a6 76 53 70 65 65 64 00 a8 63 61 6c 6c 
73 69 67 6e a6 4e 35 34 35 42 43 aa 73 6f 75 72 63 65 54 79 70 65 b4 41 44 53 2d 42 20 46 52 32 
34 20 72 65 63 65 69 76 65 72 73 a3 65 74 61 c0 a9 70 61 69 6e 74 65 64 41 73 c0 de 00 15 a8 66 
6c 69 67 68 74 49 64 a8 34 30 31 63 32 31 38 66 a9 74 69 6d 65 73 74 61 6d 70 cf 00 00 01 9e ae 
84 0c 30 aa 61 69 72 63 72 61 66 74 49 64 a6 41 33 30 35 33 35 a7 72 61 64 61 72 49 64 a3 32 30 
30 a4 74 79 70 65 a4 53 4c 47 32 ac 72 65 67 69 73 74 72 61 74 69 6f 6e a6 4e 32 39 34 4a 59 a6 
6f 72 69 67 69 6e a3 4c 47 42 ab 64 65 73 74 69 6e 61 74 69 6f 6e a0 a6 66 6c 69 67 68 74 a0 a6 
73 71 75 61 77 6b a4 31 32 30 30 a8 6c 61 74 69 74 75 64 65 cb 40 40 db 14 65 e8 92 25 a9 6c 6f 
6e 67 69 74 75 64 65 cb c0 5d 8f bc d3 5a 85 88 a5 74 72 61 63 6b cc 91 a8 61 6c 74 69 74 75 64 
65 cd 03 84 a5 73 70 65 65 64 59 a8 6f 6e 47 72 6f 75 6e 64 c2 a6 76 53 70 65 65 64 d1 fd 80 a8 
63 61 6c 6c 73 69 67 6e a6 4e 32 39 34 4a 59 aa 73 6f 75 72 63 65 54 79 70 65 b4 41 44 53 2d 42 
20 46 52 32 34 20 72 65 63 65 69 76 65 72 73 a3 65 74 61 c0 a9 70 61 69 6e 74 65 64 41 73 c0 de 
00 15 a8 66 6c 69 67 68 74 49 64 a8 34 30 31 63 32 62 65 39 a9 74 69 6d 65 73 74 61 6d 70 cf 00 
00 01 9e ae 84 0c 30 aa 61 69 72 63 72 61 66 74 49 64 a6 41 31 41 41 42 38 a7 72 61 64 61 72 49 
64 a3 32 30 30 a4 74 79 70 65 a4 43 31 37 32 ac 72 65 67 69 73 74 72 61 74 69 6f 6e a6 4e 32 30 
36 30 55 a6 6f 72 69 67 69 6e a3 54 4f 41 ab 64 65 73 74 69 6e 61 74 69 6f 6e a3 54 4f 41 a6 66 
6c 69 67 68 74 a0 a6 73 71 75 61 77 6b a4 31 32 30 30 a8 6c 61 74 69 74 75 64 65 cb 40 40 e7 2b 
a9 d1 f6 01 a9 6c 6f 6e 67 69 74 75 64 65 cb c0 5d 96 08 ae fb 2a ae a5 74 72 61 63 6b cd 01 21 
a8 61 6c 74 69 74 75 64 65 00 a5 73 70 65 65 64 06 a8 6f 6e 47 72 6f 75 6e 64 c3 a6 76 53 70 65 
65 64 00 a8 63 61 6c 6c 73 69 67 6e a6 4e 32 30 36 30 55 aa 73 6f 75 72 63 65 54 79 70 65 b4 41 
44 53 2d 42 20 46 52 32 34 20 72 65 63 65 69 76 65 72 73 a3 65 74 61 c0 a9 70 61 69 6e 74 65 64 
41 73 c0 de 00 15 a8 66 6c 69 67 68 74 49 64 a8 34 30 31 63 34 62 61 32 a9 74 69 6d 65 73 74 61 
6d 70 cf 00 00 01 9e ae 84 00 78 aa 61 69 72 63 72 61 66 74 49 64 a6 41 43 44 39 31 43 a7 72 61 
64 61 72 49 64 a3 32 30 30 a4 74 79 70 65 a4 50 32 38 52 ac 72 65 67 69 73 74 72 61 74 69 6f 6e 
a6 4e 39 32 37 4b 52 a6 6f 72 69 67 69 6e a3 4c 47 42 ab 64 65 73 74 69 6e 61 74 69 6f 6e a0 a6 
66 6c 69 67 68 74 a0 a6 73 71 75 61 77 6b a4 30 30 30 30 a8 6c 61 74 69 74 75 64 65 cb 40 40 de 
42 5a ee 63 20 a9 6c 6f 6e 67 69 74 75 64 65 cb c0 5d 8e 85 87 93 dd 98 a5 74 72 61 63 6b cd 01 
36 a8 61 6c 74 69 74 75 64 65 cd 0e 74 a5 73 70 65 65 64 5a a8 6f 6e 47 72 6f 75 6e 64 c2 a6 76 
53 70 65 65 64 cd 01 c0 a8 63 61 6c 6c 73 69 67 6e a6 4e 39 32 37 4b 52 aa 73 6f 75 72 63 65 54 
79 70 65 a3 55 41 54 a3 65 74 61 c0 a9 70 61 69 6e 74 65 64 41 73 c0 de 00 15 a8 66 6c 69 67 68 
74 49 64 a8 34 30 31 63 34 66 64 38 a9 74 69 6d 65 73 74 61 6d 70 cf 00 00 01 9e ae 84 08 48 aa 
61 69 72 63 72 61 66 74 49 64 a6 41 31 45 32 46 38 a7 72 61 64 61 72 49 64 a3 32 30 30 a4 74 79 
70 65 a4 43 31 37 32 ac 72 65 67 69 73 74 72 61 74 69 6f 6e a6 4e 32 32 30 57 43 a6 6f 72 69 67 
69 6e a3 4c 47 42 ab 64 65 73 74 69 6e 61 74 69 6f 6e a0 a6 66 6c 69 67 68 74 a0 a6 73 71 75 61 
77 6b a4 31 32 30 30 a8 6c 61 74 69 74 75 64 65 cb 40 40 de 24 dd 2f 1a a0 a9 6c 6f 6e 67 69 74 
75 64 65 cb c0 5d 8d f4 87 fc b9 24 a5 74 72 61 63 6b cc c8 a8 61 6c 74 69 74 75 64 65 cd 09 f6 
a5 73 70 65 65 64 3a a8 6f 6e 47 72 6f 75 6e 64 c2 a6 76 53 70 65 65 64 40 a8 63 61 6c 6c 73 69 
67 6e a6 4e 32 32 30 57 43 aa 73 6f 75 72 63 65 54 79 70 65 b4 41 44 53 2d 42 20 46 52 32 34 20 
72 65 63 65 69 76 65 72 73 a3 65 74 61 c0 a9 70 61 69 6e 74 65 64 41 73 c0 de 00 15 a8 66 6c 69 
67 68 74 49 64 a8 34 30 31 63 34 66 35 65 a9 74 69 6d 65 73 74 61 6d 70 cf 00 00 01 9e ae 84 08 
48 aa 61 69 72 63 72 61 66 74 49 64 a6 41 31 39 46 37 33 a7 72 61 64 61 72 49 64 a3 32 30 30 a4 
74 79 70 65 a4 50 49 41 54 ac 72 65 67 69 73 74 72 61 74 69 6f 6e a6 4e 32 30 33 5a 4d a6 6f 72 
69 67 69 6e a3 54 4f 41 ab 64 65 73 74 69 6e 61 74 69 6f 6e a0 a6 66 6c 69 67 68 74 a0 a6 73 71 
75 61 77 6b a4 31 32 30 30 a8 6c 61 74 69 74 75 64 65 cb 40 40 e4 f5 6e ac 86 05 a9 6c 6f 6e 67 
69 74 75 64 65 cb c0 5d 94 80 73 57 e6 71 a5 74 72 61 63 6b cd 01 46 a8 61 6c 74 69 74 75 64 65 
cd 02 0d a5 73 70 65 65 64 3b a8 6f 6e 47 72 6f 75 6e 64 c2 a6 76 53 70 65 65 64 d1 fe 80 a8 63 
61 6c 6c 73 69 67 6e a6 4e 32 30 33 5a 4d aa 73 6f 75 72 63 65 54 79 70 65 b4 41 44 53 2d 42 20 
46 52 32 34 20 72 65 63 65 69 76 65 72 73 a3 65 74 61 c0 a9 70 61 69 6e 74 65 64 41 73 c0 de 00 
15 a8 66 6c 69 67 68 74 49 64 a8 34 30 31 63 32 64 65 63 a9 74 69 6d 65 73 74 61 6d 70 cf 00 00 
01 9e ae 84 0c 30 aa 61 69 72 63 72 61 66 74 49 64 a6 41 31 37 33 38 33 a7 72 61 64 61 72 49 64 
a3 32 30 30 a4 74 79 70 65 a4 44 41 34 30 ac 72 65 67 69 73 74 72 61 74 69 6f 6e a6 4e 31 39 33 
43 41 a6 6f 72 69 67 69 6e a3 4c 47 42 ab 64 65 73 74 69 6e 61 74 69 6f 6e a0 a6 66 6c 69 67 68 
74 a0 a6 73 71 75 61 77 6b a4 30 32 32 37 a8 6c 61 74 69 74 75 64 65 cb 40 40 e5 95 57 14 b9 cb 
a9 6c 6f 6e 67 69 74 75 64 65 cb c0 5d 8a fc ce 1c 58 25 a5 74 72 61 63 6b 14 a8 61 6c 74 69 74 
75 64 65 cd 04 4c a5 73 70 65 65 64 62 a8 6f 6e 47 72 6f 75 6e 64 c2 a6 76 53 70 65 65 64 00 a8 
63 61 6c 6c 73 69 67 6e a6 4e 31 39 33 43 41 aa 73 6f 75 72 63 65 54 79 70 65 b4 41 44 53 2d 42 
20 46 52 32 34 20 72 65 63 65 69 76 65 72 73 a3 65 74 61 c0 a9 70 61 69 6e 74 65 64 41 73 c0 de 
00 15 a8 66 6c 69 67 68 74 49 64 a8 34 30 31 62 66 65 63 35 a9 74 69 6d 65 73 74 61 6d 70 cf 00 
00 01 9e ae 84 00 78 aa 61 69 72 63 72 61 66 74 49 64 a6 41 42 44 37 45 30 a7 72 61 64 61 72 49 
64 a3 32 30 30 a4 74 79 70 65 a4 53 4c 47 32 ac 72 65 67 69 73 74 72 61 74 69 6f 6e a6 4e 38 36 
32 53 4c a6 6f 72 69 67 69 6e a3 54 4f 41 ab 64 65 73 74 69 6e 61 74 69 6f 6e a0 a6 66 6c 69 67 
68 74 a0 a6 73 71 75 61 77 6b a4 31 32 30 30 a8 6c 61 74 69 74 75 64 65 cb 40 40 e6 ed 67 77 07 
9e a9 6c 6f 6e 67 69 74 75 64 65 cb c0 5d 96 16 9c 23 b7 95 a5 74 72 61 63 6b 21 a8 61 6c 74 69 
74 75 64 65 00 a5 73 70 65 65 64 00 a8 6f 6e 47 72 6f 75 6e 64 c3 a6 76 53 70 65 65 64 00 a8 63 
61 6c 6c 73 69 67 6e a6 4e 38 36 32 53 4c aa 73 6f 75 72 63 65 54 79 70 65 b4 41 44 53 2d 42 20 
46 52 32 34 20 72 65 63 65 69 76 65 72 73 a3 65 74 61 c0 a9 70 61 69 6e 74 65 64 41 73 c0 de 00 
15 a8 66 6c 69 67 68 74 49 64 a8 34 30 31 63 30 65 62 66 a9 74 69 6d 65 73 74 61 6d 70 cf 00 00 
01 9e ae 84 08 48 aa 61 69 72 63 72 61 66 74 49 64 a6 41 42 45 33 30 35 a7 72 61 64 61 72 49 64 
a3 32 30 30 a4 74 79 70 65 a4 53 4c 47 32 ac 72 65 67 69 73 74 72 61 74 69 6f 6e a6 4e 38 36 35 
53 4c a6 6f 72 69 67 69 6e a3 4c 47 42 ab 64 65 73 74 69 6e 61 74 69 6f 6e a0 a6 66 6c 69 67 68 
74 a0 a6 73 71 75 61 77 6b a4 31 32 30 30 a8 6c 61 74 69 74 75 64 65 cb 40 40 d9 77 85 72 9b 28 
a9 6c 6f 6e 67 69 74 75 64 65 cb c0 5d 94 94 c4 47 c3 0d a5 74 72 61 63 6b 1f a8 61 6c 74 69 74 
75 64 65 cd 0f d2 a5 73 70 65 65 64 57 a8 6f 6e 47 72 6f 75 6e 64 c2 a6 76 53 70 65 65 64 cc c0 
a8 63 61 6c 6c 73 69 67 6e a6 4e 38 36 35 53 4c aa 73 6f 75 72 63 65 54 79 70 65 b4 41 44 53 2d 
42 20 46 52 32 34 20 72 65 63 65 69 76 65 72 73 a3 65 74 61 c0 a9 70 61 69 6e 74 65 64 41 73 c0 
de 00 15 a8 66 6c 69 67 68 74 49 64 a8 34 30 31 63 32 35 66 34 a9 74 69 6d 65 73 74 61 6d 70 cf 
00 00 01 9e ae 84 0c 30 aa 61 69 72 63 72 61 66 74 49 64 a6 41 35 45 32 30 41 a7 72 61 64 61 72 
49 64 a3 32 30 30 a4 74 79 70 65 a4 43 31 35 32 ac 72 65 67 69 73 74 72 61 74 69 6f 6e a6 4e 34 
37 38 36 50 a6 6f 72 69 67 69 6e a3 4c 47 42 ab 64 65 73 74 69 6e 61 74 69 6f 6e a0 a6 66 6c 69 
67 68 74 a0 a6 73 71 75 61 77 6b a4 30 30 30 30 a8 6c 61 74 69 74 75 64 65 cb 40 40 e9 4f 8b 58 
8e 37 a9 6c 6f 6e 67 69 74 75 64 65 cb c0 5d 88 44 d0 13 a9 2a a5 74 72 61 63 6b cd 01 0c a8 61 
6c 74 69 74 75 64 65 cd 01 90 a5 73 70 65 65 64 40 a8 6f 6e 47 72 6f 75 6e 64 c2 a6 76 53 70 65 
65 64 d1 fd 00 a8 63 61 6c 6c 73 69 67 6e a6 4e 34 37 38 36 50 aa 73 6f 75 72 63 65 54 79 70 65 
a3 55 41 54 a3 65 74 61 c0 a9 70 61 69 6e 74 65 64 41 73 c0 de 00 15 a8 66 6c 69 67 68 74 49 64 
a8 34 30 31 63 32 64 39 39 a9 74 69 6d 65 73 74 61 6d 70 cf 00 00 01 9e ae 84 08 48 aa 61 69 72 
63 72 61 66 74 49 64 a6 41 30 44 33 39 32 a7 72 61 64 61 72 49 64 a3 32 30 30 a4 74 79 70 65 a4 
43 31 35 32 ac 72 65 67 69 73 74 72 61 74 69 6f 6e a6 4e 31 35 32 57 41 a6 6f 72 69 67 69 6e a3 
4c 47 42 ab 64 65 73 74 69 6e 61 74 69 6f 6e a0 a6 66 6c 69 67 68 74 a0 a6 73 71 75 61 77 6b a4 
31 32 30 30 a8 6c 61 74 69 74 75 64 65 cb 40 40 eb 17 ac c4 ef 89 a9 6c 6f 6e 67 69 74 75 64 65 
cb c0 5d 89 d5 3c dd d6 e0 a5 74 72 61 63 6b 56 a8 61 6c 74 69 74 75 64 65 cd 04 1a a5 73 70 65 
65 64 58 a8 6f 6e 47 72 6f 75 6e 64 c2 a6 76 53 70 65 65 64 00 a8 63 61 6c 6c 73 69 67 6e a6 4e 
31 35 32 57 41 aa 73 6f 75 72 63 65 54 79 70 65 b4 41 44 53 2d 42 20 46 52 32 34 20 72 65 63 65 
69 76 65 72 73 a3 65 74 61 c0 a9 70 61 69 6e 74 65 64 41 73 c0 de 00 15 a8 66 6c 69 67 68 74 49 
64 a8 34 30 31 63 30 37 61 36 a9 74 69 6d 65 73 74 61 6d 70 cf 00 00 01 9e ae 84 04 60 aa 61 69 
72 63 72 61 66 74 49 64 a6 41 37 46 34 46 46 a7 72 61 64 61 72 49 64 a3 32 30 30 a4 74 79 70 65 
a4 43 31 35 32 ac 72 65 67 69 73 74 72 61 74 69 6f 6e a6 4e 36 31 31 31 51 a6 6f 72 69 67 69 6e 
a3 4c 47 42 ab 64 65 73 74 69 6e 61 74 69 6f 6e a0 a6 66 6c 69 67 68 74 a0 a6 73 71 75 61 77 6b 
a4 30 30 30 30 a8 6c 61 74 69 74 75 64 65 cb 40 40 e9 64 84 0e 17 1a a9 6c 6f 6e 67 69 74 75 64 
65 cb c0 5d 8a fb 2a ae 29 74 a5 74 72 61 63 6b cd 01 08 a8 61 6c 74 69 74 75 64 65 cd 02 bc a5 
73 70 65 65 64 48 a8 6f 6e 47 72 6f 75 6e 64 c2 a6 76 53 70 65 65 64 cd 03 00 a8 63 61 6c 6c 73 
69 67 6e a6 4e 36 31 31 31 51 aa 73 6f 75 72 63 65 54 79 70 65 a3 55 41 54 a3 65 74 61 c0 a9 70 
61 69 6e 74 65 64 41 73 c0 de 00 15 a8 66 6c 69 67 68 74 49 64 a8 34 30 31 63 35 36 31 64 a9 74 
69 6d 65 73 74 61 6d 70 cf 00 00 01 9e ae 84 08 48 aa 61 69 72 63 72 61 66 74 49 64 a6 41 41 30 
34 32 33 a7 72 61 64 61 72 49 64 a3 32 30 30 a4 74 79 70 65 a3 52 32 32 ac 72 65 67 69 73 74 72 
61 74 69 6f 6e a6 4e 37 34 34 32 36 a6 6f 72 69 67 69 6e a3 4c 47 42 ab 64 65 73 74 69 6e 61 74 
69 6f 6e a0 a6 66 6c 69 67 68 74 a0 a6 73 71 75 61 77 6b a4 31 32 30 30 a8 6c 61 74 69 74 75 64 
65 cb 40 40 e9 15 df 65 55 c5 a9 6c 6f 6e 67 69 74 75 64 65 cb c0 5d 89 bd f8 f4 73 04 a5 74 72 
61 63 6b 5a a8 61 6c 74 69 74 75 64 65 00 a5 73 70 65 65 64 04 a8 6f 6e 47 72 6f 75 6e 64 c3 a6 
76 53 70 65 65 64 00 a8 63 61 6c 6c 73 69 67 6e a6 4e 37 34 34 32 36 aa 73 6f 75 72 63 65 54 79 
70 65 b4 41 44 53 2d 42 20 46 52 32 34 20 72 65 63 65 69 76 65 72 73 a3 65 74 61 c0 a9 70 61 69 
6e 74 65 64 41 73 c0 de 00 15 a8 66 6c 69 67 68 74 49 64 a8 34 30 31 63 34 63 32 64 a9 74 69 6d 
65 73 74 61 6d 70 cf 00 00 01 9e ae 84 0c 30 aa 61 69 72 63 72 61 66 74 49 64 a6 41 35 34 36 46 
36 a7 72 61 64 61 72 49 64 a3 32 30 30 a4 74 79 70 65 a4 50 32 38 41 ac 72 65 67 69 73 74 72 61 
74 69 6f 6e a6 4e 34 33 39 30 53 a6 6f 72 69 67 69 6e a3 4c 47 42 ab 64 65 73 74 69 6e 61 74 69 
6f 6e a0 a6 66 6c 69 67 68 74 a0 a6 73 71 75 61 77 6b a4 30 30 30 30 a8 6c 61 74 69 74 75 64 65 
cb 40 40 e8 2c 90 81 c2 e3 a9 6c 6f 6e 67 69 74 75 64 65 cb c0 5d 89 c4 86 ad 2d cb a5 74 72 61 
63 6b cd 01 0e a8 61 6c 74 69 74 75 64 65 00 a5 73 70 65 65 64 3c a8 6f 6e 47 72 6f 75 6e 64 c3 
a6 76 53 70 65 65 64 00 a8 63 61 6c 6c 73 69 67 6e a6 4e 34 33 39 30 53 aa 73 6f 75 72 63 65 54 
79 70 65 a3 55 41 54 a3 65 74 61 c0 a9 70 61 69 6e 74 65 64 41 73 c0 de 00 15 a8 66 6c 69 67 68 
74 49 64 a8 34 30 31 63 32 39 65 63 a9 74 69 6d 65 73 74 61 6d 70 cf 00 00 01 9e ae 83 b2 58 aa 
61 69 72 63 72 61 66 74 49 64 a6 41 43 30 41 35 38 a7 72 61 64 61 72 49 64 a3 32 30 30 a4 74 79 
70 65 a4 43 37 30 30 ac 72 65 67 69 73 74 72 61 74 69 6f 6e a6 4e 38 37 35 51 53 a6 6f 72 69 67 
69 6e a3 56 4e 59 ab 64 65 73 74 69 6e 61 74 69 6f 6e a3 4c 47 42 a6 66 6c 69 67 68 74 a6 45 4a 
41 38 37 35 a6 73 71 75 61 77 6b a4 37 37 33 31 a8 6c 61 74 69 74 75 64 65 cb 40 40 e8 06 8d b8 
ba c7 a9 6c 6f 6e 67 69 74 75 64 65 cb c0 5d 89 ce 07 5f 6f d2 a5 74 72 61 63 6b cd 01 38 a8 61 
6c 74 69 74 75 64 65 00 a5 73 70 65 65 64 00 a8 6f 6e 47 72 6f 75 6e 64 c3 a6 76 53 70 65 65 64 
00 a8 63 61 6c 6c 73 69 67 6e a6 45 4a 41 38 37 35 aa 73 6f 75 72 63 65 54 79 70 65 b4 41 44 53 
2d 42 20 46 52 32 34 20 72 65 63 65 69 76 65 72 73 a3 65 74 61 cf 00 00 01 9e ae 5b 13 e8 a9 70 
61 69 6e 74 65 64 41 73 a3 45 4a 41 de 00 15 a8 66 6c 69 67 68 74 49 64 a8 34 30 31 63 34 63 64 
36 a9 74 69 6d 65 73 74 61 6d 70 cf 00 00 01 9e ae 83 d5 80 aa 61 69 72 63 72 61 66 74 49 64 a6 
41 31 33 38 30 36 a7 72 61 64 61 72 49 64 a3 32 30 30 a4 74 79 70 65 a4 43 32 35 42 ac 72 65 67 
69 73 74 72 61 74 69 6f 6e a6 4e 31 37 38 4d 50 a6 6f 72 69 67 69 6e a3 4c 47 42 ab 64 65 73 74 
69 6e 61 74 69 6f 6e a3 56 43 56 a6 66 6c 69 67 68 74 a0 a6 73 71 75 61 77 6b a4 34 36 31 33 a8 
6c 61 74 69 74 75 64 65 cb 40 40 e8 06 8d b8 ba c7 a9 6c 6f 6e 67 69 74 75 64 65 cb c0 5d 8a 1f 
f2 e4 8e 8a a5 74 72 61 63 6b cd 01 10 a8 61 6c 74 69 74 75 64 65 00 a5 73 70 65 65 64 00 a8 6f 
6e 47 72 6f 75 6e 64 c3 a6 76 53 70 65 65 64 00 a8 63 61 6c 6c 73 69 67 6e a6 4e 31 37 38 4d 50 
aa 73 6f 75 72 63 65 54 79 70 65 b4 41 44 53 2d 42 20 46 52 32 34 20 72 65 63 65 69 76 65 72 73 
a3 65 74 61 c0 a9 70 61 69 6e 74 65 64 41 73 c0 de 00 15 a8 66 6c 69 67 68 74 49 64 a8 34 30 31 
63 34 30 38 35 a9 74 69 6d 65 73 74 61 6d 70 cf 00 00 01 9e ae 84 08 48 aa 61 69 72 63 72 61 66 
74 49 64 a6 41 38 37 42 42 39 a7 72 61 64 61 72 49 64 a3 32 30 30 a4 74 79 70 65 a4 43 31 37 32 
ac 72 65 67 69 73 74 72 61 74 69 6f 6e a6 4e 36 34 36 43 42 a6 6f 72 69 67 69 6e a3 4c 47 42 ab 
64 65 73 74 69 6e 61 74 69 6f 6e a3 4c 47 42 a6 66 6c 69 67 68 74 a0 a6 73 71 75 61 77 6b a4 31 
32 30 30 a8 6c 61 74 69 74 75 64 65 cb 40 40 e8 35 69 6e 58 a3 a9 6c 6f 6e 67 69 74 75 64 65 cb 
c0 5d 8a a8 6d 71 f3 62 a5 74 72 61 63 6b cd 01 12 a8 61 6c 74 69 74 75 64 65 cd 01 c2 a5 73 70 
65 65 64 50 a8 6f 6e 47 72 6f 75 6e 64 c2 a6 76 53 70 65 65 64 cd 02 80 a8 63 61 6c 6c 73 69 67 
6e a6 4e 36 34 36 43 42 aa 73 6f 75 72 63 65 54 79 70 65 b4 41 44 53 2d 42 20 46 52 32 34 20 72 
65 63 65 69 76 65 72 73 a3 65 74 61 c0 a9 70 61 69 6e 74 65 64 41 73 c0 de 00 15 a8 66 6c 69 67 
68 74 49 64 a8 34 30 31 63 35 32 39 30 a9 74 69 6d 65 73 74 61 6d 70 cf 00 00 01 9e ae 83 f4 c0 
aa 61 69 72 63 72 61 66 74 49 64 a6 41 32 30 34 36 37 a7 72 61 64 61 72 49 64 a3 32 30 30 a4 74 
79 70 65 a4 43 31 37 32 ac 72 65 67 69 73 74 72 61 74 69 6f 6e a6 4e 32 32 39 57 43 a6 6f 72 69 
67 69 6e a3 4c 47 42 ab 64 65 73 74 69 6e 61 74 69 6f 6e a0 a6 66 6c 69 67 68 74 a0 a6 73 71 75 
61 77 6b a4 30 32 31 35 a8 6c 61 74 69 74 75 64 65 cb 40 40 e8 06 8d b8 ba c7 a9 6c 6f 6e 67 69 
74 75 64 65 cb c0 5d 89 7d 6b 65 a9 a8 a5 74 72 61 63 6b cd 01 10 a8 61 6c 74 69 74 75 64 65 00 
a5 73 70 65 65 64 00 a8 6f 6e 47 72 6f 75 6e 64 c3 a6 76 53 70 65 65 64 00 a8 63 61 6c 6c 73 69 
67 6e a6 4e 32 32 39 57 43 aa 73 6f 75 72 63 65 54 79 70 65 b4 41 44 53 2d 42 20 46 52 32 34 20 
72 65 63 65 69 76 65 72 73 a3 65 74 61 c0 a9 70 61 69 6e 74 65 64 41 73 c0 de 00 15 a8 66 6c 69 
67 68 74 49 64 a8 34 30 31 62 63 31 32 32 a9 74 69 6d 65 73 74 61 6d 70 cf 00 00 01 9e ae 84 04 
60 aa 61 69 72 63 72 61 66 74 49 64 a6 41 30 36 43 46 33 a7 72 61 64 61 72 49 64 a3 32 30 30 a4 
74 79 70 65 a4 43 31 37 32 ac 72 65 67 69 73 74 72 61 74 69 6f 6e a6 4e 31 32 36 34 55 a6 6f 72 
69 67 69 6e a3 4c 47 42 ab 64 65 73 74 69 6e 61 74 69 6f 6e a0 a6 66 6c 69 67 68 74 a0 a6 73 71 
75 61 77 6b a4 30 32 36 32 a8 6c 61 74 69 74 75 64 65 cb 40 40 e8 07 35 7e 67 0e a9 6c 6f 6e 67 
69 74 75 64 65 cb c0 5d 8a 29 1f b3 fa 6e a5 74 72 61 63 6b cd 01 0e a8 61 6c 74 69 74 75 64 65 
cc c8 a5 73 70 65 65 64 02 a8 6f 6e 47 72 6f 75 6e 64 c2 a6 76 53 70 65 65 64 00 a8 63 61 6c 6c 
73 69 67 6e a6 4e 31 32 36 34 55 aa 73 6f 75 72 63 65 54 79 70 65 b4 41 44 53 2d 42 20 46 52 32 
34 20 72 65 63 65 69 76 65 72 73 a3 65 74 61 c0 a9 70 61 69 6e 74 65 64 41 73 c0 de 00 15 a8 66 
6c 69 67 68 74 49 64 a8 34 30 31 63 34 30 33 38 a9 74 69 6d 65 73 74 61 6d 70 cf 00 00 01 9e ae 
84 08 48 aa 61 69 72 63 72 61 66 74 49 64 a6 41 38 33 41 42 37 a7 72 61 64 61 72 49 64 a3 32 30 
30 a4 74 79 70 65 a4 43 31 37 32 ac 72 65 67 69 73 74 72 61 74 69 6f 6e a6 4e 36 32 39 35 44 a6 
6f 72 69 67 69 6e a3 4c 47 42 ab 64 65 73 74 69 6e 61 74 69 6f 6e a0 a6 66 6c 69 67 68 74 a0 a6 
73 71 75 61 77 6b a4 30 30 30 30 a8 6c 61 74 69 74 75 64 65 cb 40 40 e8 1e 79 67 ca ea a9 6c 6f 
6e 67 69 74 75 64 65 cb c0 5d 89 80 0a 7c 5a c4 a5 74 72 61 63 6b 04 a8 61 6c 74 69 74 75 64 65 
00 a5 73 70 65 65 64 00 a8 6f 6e 47 72 6f 75 6e 64 c3 a6 76 53 70 65 65 64 00 a8 63 61 6c 6c 73 
69 67 6e a6 4e 36 32 39 35 44 aa 73 6f 75 72 63 65 54 79 70 65 a3 55 41 54 a3 65 74 61 c0 a9 70 
61 69 6e 74 65 64 41 73 c0 de 00 15 a8 66 6c 69 67 68 74 49 64 a8 34 30 31 63 35 35 35 63 a9 74 
69 6d 65 73 74 61 6d 70 cf 00 00 01 9e ae 84 04 60 aa 61 69 72 63 72 61 66 74 49 64 a6 41 44 45 
36 37 32 a7 72 61 64 61 72 49 64 a3 32 30 30 a4 74 79 70 65 a3 52 32 32 ac 72 65 67 69 73 74 72 
61 74 69 6f 6e a6 4e 39 39 35 4e 52 a6 6f 72 69 67 69 6e a3 4c 47 42 ab 64 65 73 74 69 6e 61 74 
69 6f 6e a0 a6 66 6c 69 67 68 74 a0 a6 73 71 75 61 77 6b a4 30 30 30 30 a8 6c 61 74 69 74 75 64 
65 cb 40 40 e8 5c 67 df e3 2a a9 6c 6f 6e 67 69 74 75 64 65 cb c0 5d 8a 37 8a b0 c8 8a a5 74 72 
61 63 6b 5a a8 61 6c 74 69 74 75 64 65 00 a5 73 70 65 65 64 00 a8 6f 6e 47 72 6f 75 6e 64 c3 a6 
76 53 70 65 65 64 00 a8 63 61 6c 6c 73 69 67 6e a6 4e 39 39 35 4e 52 aa 73 6f 75 72 63 65 54 79 
70 65 a3 55 41 54 a3 65 74 61 c0 a9 70 61 69 6e 74 65 64 41 73 c0 de 00 15 a8 66 6c 69 67 68 74 
49 64 a8 34 30 31 63 32 34 63 39 a9 74 69 6d 65 73 74 61 6d 70 cf 00 00 01 9e ae 84 00 78 aa 61 
69 72 63 72 61 66 74 49 64 a6 41 38 32 33 45 35 a7 72 61 64 61 72 49 64 a3 32 30 30 a4 74 79 70 
65 a4 50 32 38 41 ac 72 65 67 69 73 74 72 61 74 69 6f 6e a6 4e 36 32 33 31 48 a6 6f 72 69 67 69 
6e a3 46 55 4c ab 64 65 73 74 69 6e 61 74 69 6f 6e a0 a6 66 6c 69 67 68 74 a0 a6 73 71 75 61 77 
6b a4 30 30 30 30 a8 6c 61 74 69 74 75 64 65 cb 40 40 e7 f4 db df 8f 47 a9 6c 6f 6e 67 69 74 75 
64 65 cb c0 5d 87 92 8e 0c 9d 9d a5 74 72 61 63 6b cd 01 36 a8 61 6c 74 69 74 75 64 65 cd 03 20 
a5 73 70 65 65 64 4d a8 6f 6e 47 72 6f 75 6e 64 c2 a6 76 53 70 65 65 64 d1 fc 40 a8 63 61 6c 6c 
73 69 67 6e a6 4e 36 32 33 31 48 aa 73 6f 75 72 63 65 54 79 70 65 a3 55 41 54 a3 65 74 61 c0 a9 
70 61 69 6e 74 65 64 41 73 c0 de 00 15 a8 66 6c 69 67 68 74 49 64 a8 34 30 31 63 30 64 30 65 a9 
74 69 6d 65 73 74 61 6d 70 cf 00 00 01 9e ae 84 08 48 aa 61 69 72 63 72 61 66 74 49 64 a6 41 43 
34 37 42 37 a7 72 61 64 61 72 49 64 a3 32 30 30 a4 74 79 70 65 a4 42 33 38 4d ac 72 65 67 69 73 
74 72 61 74 69 6f 6e a6 4e 38 39 30 30 4c a6 6f 72 69 67 69 6e a3 53 4d 46 ab 64 65 73 74 69 6e 
61 74 69 6f 6e a3 4c 47 42 a6 66 6c 69 67 68 74 a6 57 4e 33 36 35 30 a6 73 71 75 61 77 6b a4 33 
32 33 34 a8 6c 61 74 69 74 75 64 65 cb 40 40 e8 db 37 c9 9a e9 a9 6c 6f 6e 67 69 74 75 64 65 cb 
c0 5d 89 cb 68 48 be b6 a5 74 72 61 63 6b cd 01 38 a8 61 6c 74 69 74 75 64 65 00 a5 73 70 65 65 
64 50 a8 6f 6e 47 72 6f 75 6e 64 c3 a6 76 53 70 65 65 64 00 a8 63 61 6c 6c 73 69 67 6e a7 53 57 
41 33 36 35 30 aa 73 6f 75 72 63 65 54 79 70 65 b4 41 44 53 2d 42 20 46 52 32 34 20 72 65 63 65 
69 76 65 72 73 a3 65 74 61 cf 00 00 01 9e ae 83 e1 38 a9 70 61 69 6e 74 65 64 41 73 a3 53 57 41 
de 00 15 a8 66 6c 69 67 68 74 49 64 a8 34 30 31 63 34 62 38 35 a9 74 69 6d 65 73 74 61 6d 70 cf 
00 00 01 9e ae 84 08 48 aa 61 69 72 63 72 61 66 74 49 64 a6 41 38 32 38 32 34 a7 72 61 64 61 72 
49 64 a3 32 30 30 a4 74 79 70 65 a4 43 31 37 32 ac 72 65 67 69 73 74 72 61 74 69 6f 6e a6 4e 36 
32 34 35 44 a6 6f 72 69 67 69 6e a3 4c 47 42 ab 64 65 73 74 69 6e 61 74 69 6f 6e a0 a6 66 6c 69 
67 68 74 a0 a6 73 71 75 61 77 6b a4 30 32 33 37 a8 6c 61 74 69 74 75 64 65 cb 40 40 eb 53 f7 ce 
d9 17 a9 6c 6f 6e 67 69 74 75 64 65 cb c0 5d 8a 02 c9 08 1c 2e a5 74 72 61 63 6b 3a a8 61 6c 74 
69 74 75 64 65 cd 0a 28 a5 73 70 65 65 64 59 a8 6f 6e 47 72 6f 75 6e 64 c2 a6 76 53 70 65 65 64 
cd 03 40 a8 63 61 6c 6c 73 69 67 6e a6 4e 36 32 34 35 44 aa 73 6f 75 72 63 65 54 79 70 65 b4 41 
44 53 2d 42 20 46 52 32 34 20 72 65 63 65 69 76 65 72 73 a3 65 74 61 c0 a9 70 61 69 6e 74 65 64 
41 73 c0 de 00 15 a8 66 6c 69 67 68 74 49 64 a8 34 30 31 63 35 31 65 61 a9 74 69 6d 65 73 74 61 
6d 70 cf 00 00 01 9e ae 84 04 60 aa 61 69 72 63 72 61 66 74 49 64 a6 41 39 37 31 34 44 a7 72 61 
64 61 72 49 64 a3 32 30 30 a4 74 79 70 65 a3 52 34 34 ac 72 65 67 69 73 74 72 61 74 69 6f 6e a6 
4e 37 30 37 32 37 a6 6f 72 69 67 69 6e a3 4c 47 42 ab 64 65 73 74 69 6e 61 74 69 6f 6e a0 a6 66 
6c 69 67 68 74 a0 a6 73 71 75 61 77 6b a4 30 30 30 30 a8 6c 61 74 69 74 75 64 65 cb 40 40 e8 60 
fe 47 99 1c a9 6c 6f 6e 67 69 74 75 64 65 cb c0 5d 8a 18 bd 66 27 7c a5 74 72 61 63 6b cc b1 a8 
61 6c 74 69 74 75 64 65 00 a5 73 70 65 65 64 01 a8 6f 6e 47 72 6f 75 6e 64 c3 a6 76 53 70 65 65 
64 00 a8 63 61 6c 6c 73 69 67 6e a6 4e 37 30 37 32 37 aa 73 6f 75 72 63 65 54 79 70 65 b4 41 44 
53 2d 42 20 46 52 32 34 20 72 65 63 65 69 76 65 72 73 a3 65 74 61 c0 a9 70 61 69 6e 74 65 64 41 
73 c0 de 00 15 a8 66 6c 69 67 68 74 49 64 a8 34 30 31 63 35 31 66 62 a9 74 69 6d 65 73 74 61 6d 
70 cf 00 00 01 9e ae 84 08 48 aa 61 69 72 63 72 61 66 74 49 64 a6 41 30 36 39 42 32 a7 72 61 64 
61 72 49 64 a3 32 30 30 a4 74 79 70 65 a4 43 31 37 32 ac 72 65 67 69 73 74 72 61 74 69 6f 6e a6 
4e 31 32 35 37 37 a6 6f 72 69 67 69 6e a3 45 4d 54 ab 64 65 73 74 69 6e 61 74 69 6f 6e a0 a6 66 
6c 69 67 68 74 a0 a6 73 71 75 61 77 6b a4 31 32 30 30 a8 6c 61 74 69 74 75 64 65 cb 40 41 09 59 
5f ed a6 61 a9 6c 6f 6e 67 69 74 75 64 65 cb c0 5d 84 0b f5 d7 88 12 a5 74 72 61 63 6b cd 01 15 
a8 61 6c 74 69 74 75 64 65 cd 05 c3 a5 73 70 65 65 64 41 a8 6f 6e 47 72 6f 75 6e 64 c2 a6 76 53 
70 65 65 64 cd 04 80 a8 63 61 6c 6c 73 69 67 6e a6 4e 31 32 35 37 37 aa 73 6f 75 72 63 65 54 79 
70 65 b4 41 44 53 2d 42 20 46 52 32 34 20 72 65 63 65 69 76 65 72 73 a3 65 74 61 c0 a9 70 61 69 
6e 74 65 64 41 73 c0 de 00 15 a8 66 6c 69 67 68 74 49 64 a8 34 30 31 63 30 37 61 62 a9 74 69 6d 
65 73 74 61 6d 70 cf 00 00 01 9e ae 83 f0 d8 aa 61 69 72 63 72 61 66 74 49 64 a6 41 30 46 30 30 
41 a7 72 61 64 61 72 49 64 a4 37 37 34 32 a4 74 79 70 65 a3 52 32 32 ac 72 65 67 69 73 74 72 61 
74 69 6f 6e a5 4e 31 36 48 46 a6 6f 72 69 67 69 6e a3 45 4d 54 ab 64 65 73 74 69 6e 61 74 69 6f 
6e a0 a6 66 6c 69 67 68 74 a0 a6 73 71 75 61 77 6b a4 31 32 30 30 a8 6c 61 74 69 74 75 64 65 cb 
40 41 0a 87 7e e4 e2 6d a9 6c 6f 6e 67 69 74 75 64 65 cb c0 5d 87 70 cd c8 75 4f a5 74 72 61 63 
6b 1c a8 61 6c 74 69 74 75 64 65 cd 03 20 a5 73 70 65 65 64 56 a8 6f 6e 47 72 6f 75 6e 64 c2 a6 
76 53 70 65 65 64 d1 fe 40 a8 63 61 6c 6c 73 69 67 6e a5 4e 31 36 48 46 aa 73 6f 75 72 63 65 54 
79 70 65 a4 4d 4c 41 54 a3 65 74 61 c0 a9 70 61 69 6e 74 65 64 41 73 c0 de 00 15 a8 66 6c 69 67 
68 74 49 64 a8 34 30 31 63 33 30 62 32 a9 74 69 6d 65 73 74 61 6d 70 cf 00 00 01 9e ae 84 00 78 
aa 61 69 72 63 72 61 66 74 49 64 a6 41 39 45 36 41 36 a7 72 61 64 61 72 49 64 a3 32 30 30 a4 74 
79 70 65 a4 43 31 37 32 ac 72 65 67 69 73 74 72 61 74 69 6f 6e a6 4e 37 33 37 53 4b a6 6f 72 69 
67 69 6e a3 50 4f 43 ab 64 65 73 74 69 6e 61 74 69 6f 6e a0 a6 66 6c 69 67 68 74 a0 a6 73 71 75 
61 77 6b a4 30 30 30 30 a8 6c 61 74 69 74 75 64 65 cb 40 41 0b 0a 91 53 79 fb a9 6c 6f 6e 67 69 
74 75 64 65 cb c0 5d 82 2e 5d e1 5c a7 a5 74 72 61 63 6b 18 a8 61 6c 74 69 74 75 64 65 00 a5 73 
70 65 65 64 10 a8 6f 6e 47 72 6f 75 6e 64 c3 a6 76 53 70 65 65 64 00 a8 63 61 6c 6c 73 69 67 6e 
a6 4e 37 33 37 53 4b aa 73 6f 75 72 63 65 54 79 70 65 a3 55 41 54 a3 65 74 61 c0 a9 70 61 69 6e 
74 65 64 41 73 c0 de 00 15 a8 66 6c 69 67 68 74 49 64 a8 34 30 31 63 35 36 32 66 a9 74 69 6d 65 
73 74 61 6d 70 cf 00 00 01 9e ae 83 e9 08 aa 61 69 72 63 72 61 66 74 49 64 a6 41 35 32 37 41 42 
a7 72 61 64 61 72 49 64 a3 32 30 30 a4 74 79 70 65 a4 44 41 34 30 ac 72 65 67 69 73 74 72 61 74 
69 6f 6e a6 4e 34 33 31 4a 50 a6 6f 72 69 67 69 6e a3 45 4d 54 ab 64 65 73 74 69 6e 61 74 69 6f 
6e a0 a6 66 6c 69 67 68 74 a0 a6 73 71 75 61 77 6b a4 30 30 30 30 a8 6c 61 74 69 74 75 64 65 cb 
40 41 0a 97 39 6d 09 18 a9 6c 6f 6e 67 69 74 75 64 65 cb c0 5d 82 41 b3 28 b6 d8 a5 74 72 61 63 
6b cd 01 27 a8 61 6c 74 69 74 75 64 65 00 a5 73 70 65 65 64 00 a8 6f 6e 47 72 6f 75 6e 64 c3 a6 
76 53 70 65 65 64 00 a8 63 61 6c 6c 73 69 67 6e a6 4e 34 33 31 4a 50 aa 73 6f 75 72 63 65 54 79 
70 65 b4 41 44 53 2d 42 20 46 52 32 34 20 72 65 63 65 69 76 65 72 73 a3 65 74 61 c0 a9 70 61 69 
6e 74 65 64 41 73 c0 de 00 15 a8 66 6c 69 67 68 74 49 64 a8 34 30 31 63 35 36 32 64 a9 74 69 6d 
65 73 74 61 6d 70 cf 00 00 01 9e ae 84 08 48 aa 61 69 72 63 72 61 66 74 49 64 a6 41 36 41 43 46 
46 a7 72 61 64 61 72 49 64 a3 32 30 30 a4 74 79 70 65 a4 43 31 37 32 ac 72 65 67 69 73 74 72 61 
74 69 6f 6e a6 4e 35 32 39 32 44 a6 6f 72 69 67 69 6e a3 45 4d 54 ab 64 65 73 74 69 6e 61 74 69 
6f 6e a0 a6 66 6c 69 67 68 74 a0 a6 73 71 75 61 77 6b a4 31 32 30 30 a8 6c 61 74 69 74 75 64 65 
cb 40 41 0a fa 2f 05 a7 09 a9 6c 6f 6e 67 69 74 75 64 65 cb c0 5d 82 28 4d fc e3 15 a5 74 72 61 
63 6b cd 01 0d a8 61 6c 74 69 74 75 64 65 00 a5 73 70 65 65 64 07 a8 6f 6e 47 72 6f 75 6e 64 c3 
a6 76 53 70 65 65 64 00 a8 63 61 6c 6c 73 69 67 6e a6 4e 35 32 39 32 44 aa 73 6f 75 72 63 65 54 
79 70 65 b4 41 44 53 2d 42 20 46 52 32 34 20 72 65 63 65 69 76 65 72 73 a3 65 74 61 c0 a9 70 61 
69 6e 74 65 64 41 73 c0 de 00 15 a8 66 6c 69 67 68 74 49 64 a8 34 30 31 62 31 65 62 30 a9 74 69 
6d 65 73 74 61 6d 70 cf 00 00 01 9e ae 84 0c 30 aa 61 69 72 63 72 61 66 74 49 64 a6 41 34 44 46 
35 32 a7 72 61 64 61 72 49 64 a3 32 30 30 a4 74 79 70 65 a4 41 32 31 4e ac 72 65 67 69 73 74 72 
61 74 69 6f 6e a6 4e 34 31 33 41 4e a6 6f 72 69 67 69 6e a3 50 48 4c ab 64 65 73 74 69 6e 61 74 
69 6f 6e a3 4c 41 58 a6 66 6c 69 67 68 74 a6 41 41 32 30 33 31 a6 73 71 75 61 77 6b a4 33 33 36 
35 a8 6c 61 74 69 74 75 64 65 cb 40 40 fb b3 a6 8b 19 a4 a9 6c 6f 6e 67 69 74 75 64 65 cb c0 5d 
86 27 7c 45 cb bc a5 74 72 61 63 6b cd 01 07 a8 61 6c 74 69 74 75 64 65 cd 12 c0 a5 73 70 65 65 
64 cc e2 a8 6f 6e 47 72 6f 75 6e 64 c2 a6 76 53 70 65 65 64 d1 fc 40 a8 63 61 6c 6c 73 69 67 6e 
a7 41 41 4c 32 30 33 31 aa 73 6f 75 72 63 65 54 79 70 65 b4 41 44 53 2d 42 20 46 52 32 34 20 72 
65 63 65 69 76 65 72 73 a3 65 74 61 cf 00 00 01 9e ae 87 d4 f0 a9 70 61 69 6e 74 65 64 41 73 a3 
41 41 4c de 00 15 a8 66 6c 69 67 68 74 49 64 a8 34 30 31 63 34 32 62 33 a9 74 69 6d 65 73 74 61 
6d 70 cf 00 00 01 9e ae 84 04 60 aa 61 69 72 63 72 61 66 74 49 64 a6 30 30 30 33 37 32 a7 72 61 
64 61 72 49 64 a3 32 30 30 a4 74 79 70 65 a4 30 30 30 30 ac 72 65 67 69 73 74 72 61 74 69 6f 6e 
a8 30 30 30 30 30 30 30 30 a6 6f 72 69 67 69 6e a0 ab 64 65 73 74 69 6e 61 74 69 6f 6e a0 a6 66 
6c 69 67 68 74 a0 a6 73 71 75 61 77 6b a4 34 34 35 33 a8 6c 61 74 69 74 75 64 65 cb 40 41 18 e7 
ff 58 3a 54 a9 6c 6f 6e 67 69 74 75 64 65 cb c0 5d 8a 51 43 bf 72 71 a5 74 72 61 63 6b cc 90 a8 
61 6c 74 69 74 75 64 65 cd 70 cb a5 73 70 65 65 64 11 a8 6f 6e 47 72 6f 75 6e 64 c2 a6 76 53 70 
65 65 64 cd 03 c0 a8 63 61 6c 6c 73 69 67 6e a7 4e 53 4c 30 33 37 32 aa 73 6f 75 72 63 65 54 79 
70 65 b4 41 44 53 2d 42 20 46 52 32 34 20 72 65 63 65 69 76 65 72 73 a3 65 74 61 c0 a9 70 61 69 
6e 74 65 64 41 73 c0 de 00 15 a8 66 6c 69 67 68 74 49 64 a8 34 30 31 63 33 39 34 36 a9 74 69 6d 
65 73 74 61 6d 70 cf 00 00 01 9e ae 84 00 78 aa 61 69 72 63 72 61 66 74 49 64 a6 41 36 31 33 35 
42 a7 72 61 64 61 72 49 64 a3 32 30 30 a4 74 79 70 65 a4 43 31 35 32 ac 72 65 67 69 73 74 72 61 
74 69 6f 6e a6 4e 34 39 30 36 30 a6 6f 72 69 67 69 6e a3 50 4f 43 ab 64 65 73 74 69 6e 61 74 69 
6f 6e a0 a6 66 6c 69 67 68 74 a0 a6 73 71 75 61 77 6b a4 34 37 34 37 a8 6c 61 74 69 74 75 64 65 
cb 40 41 13 15 0d ae 3e 6c a9 6c 6f 6e 67 69 74 75 64 65 cb c0 5d 8b ac 71 0c b2 96 a5 74 72 61 
63 6b cd 01 21 a8 61 6c 74 69 74 75 64 65 cd 11 c6 a5 73 70 65 65 64 4e a8 6f 6e 47 72 6f 75 6e 
64 c2 a6 76 53 70 65 65 64 00 a8 63 61 6c 6c 73 69 67 6e a6 4e 34 39 30 36 30 aa 73 6f 75 72 63 
65 54 79 70 65 b4 41 44 53 2d 42 20 46 52 32 34 20 72 65 63 65 69 76 65 72 73 a3 65 74 61 c0 a9 
70 61 69 6e 74 65 64 41 73 c0 de 00 15 a8 66 6c 69 67 68 74 49 64 a8 34 30 31 63 33 61 37 39 a9 
74 69 6d 65 73 74 61 6d 70 cf 00 00 01 9e ae 84 08 48 aa 61 69 72 63 72 61 66 74 49 64 a6 41 34 
37 37 42 43 a7 72 61 64 61 72 49 64 a4 37 37 34 32 a4 74 79 70 65 a4 50 32 38 41 ac 72 65 67 69 
73 74 72 61 74 69 6f 6e a6 4e 33 38 37 30 30 a6 6f 72 69 67 69 6e a3 45 4d 54 ab 64 65 73 74 69 
6e 61 74 69 6f 6e a0 a6 66 6c 69 67 68 74 a0 a6 73 71 75 61 77 6b a4 35 33 34 37 a8 6c 61 74 69 
74 75 64 65 cb 40 41 0e a4 fc a4 2a ed a9 6c 6f 6e 67 69 74 75 64 65 cb c0 5d 88 f0 84 61 f9 f0 
a5 74 72 61 63 6b cd 01 21 a8 61 6c 74 69 74 75 64 65 cd 1d 4c a5 73 70 65 65 64 60 a8 6f 6e 47 
72 6f 75 6e 64 c2 a6 76 53 70 65 65 64 cc c0 a8 63 61 6c 6c 73 69 67 6e a6 4e 33 38 37 30 30 aa 
73 6f 75 72 63 65 54 79 70 65 a4 4d 4c 41 54 a3 65 74 61 c0 a9 70 61 69 6e 74 65 64 41 73 c0 de 
00 15 a8 66 6c 69 67 68 74 49 64 a8 34 30 31 63 34 30 65 35 a9 74 69 6d 65 73 74 61 6d 70 cf 00 
00 01 9e ae 84 08 48 aa 61 69 72 63 72 61 66 74 49 64 a6 30 30 30 33 33 38 a7 72 61 64 61 72 49 
64 a3 32 30 30 a4 74 79 70 65 a4 30 30 30 30 ac 72 65 67 69 73 74 72 61 74 69 6f 6e a8 30 30 30 
30 30 30 30 30 a6 6f 72 69 67 69 6e a0 ab 64 65 73 74 69 6e 61 74 69 6f 6e a0 a6 66 6c 69 67 68 
74 a0 a6 73 71 75 61 77 6b a4 34 34 35 33 a8 6c 61 74 69 74 75 64 65 cb 40 41 19 c6 7d fe 32 a0 
a9 6c 6f 6e 67 69 74 75 64 65 cb c0 5d 92 02 4b 33 da f9 a5 74 72 61 63 6b cc a0 a8 61 6c 74 69 
74 75 64 65 cd 79 4a a5 73 70 65 65 64 1a a8 6f 6e 47 72 6f 75 6e 64 c2 a6 76 53 70 65 65 64 cd 
03 80 a8 63 61 6c 6c 73 69 67 6e a7 4e 53 4c 30 33 33 38 aa 73 6f 75 72 63 65 54 79 70 65 b4 41 
44 53 2d 42 20 46 52 32 34 20 72 65 63 65 69 76 65 72 73 a3 65 74 61 c0 a9 70 61 69 6e 74 65 64 
41 73 c0 de 00 15 a8 66 6c 69 67 68 74 49 64 a8 34 30 31 63 30 65 33 39 a9 74 69 6d 65 73 74 61 
6d 70 cf 00 00 01 9e ae 84 08 48 aa 61 69 72 63 72 61 66 74 49 64 a6 41 36 41 31 45 44 a7 72 61 
64 61 72 49 64 a3 32 30 30 a4 74 79 70 65 a4 43 31 37 32 ac 72 65 67 69 73 74 72 61 74 69 6f 6e 
a6 4e 35 32 36 32 59 a6 6f 72 69 67 69 6e a3 57 48 50 ab 64 65 73 74 69 6e 61 74 69 6f 6e a0 a6 
66 6c 69 67 68 74 a0 a6 73 71 75 61 77 6b a4 31 32 30 30 a8 6c 61 74 69 74 75 64 65 cb 40 41 24 
66 e4 3a a7 9c a9 6c 6f 6e 67 69 74 75 64 65 cb c0 5d 9c 2a ed 13 94 31 a5 74 72 61 63 6b cc 8b 
a8 61 6c 74 69 74 75 64 65 cd 07 6c a5 73 70 65 65 64 43 a8 6f 6e 47 72 6f 75 6e 64 c2 a6 76 53 
70 65 65 64 d1 fd 00 a8 63 61 6c 6c 73 69 67 6e a6 4e 35 32 36 32 59 aa 73 6f 75 72 63 65 54 79 
70 65 b4 41 44 53 2d 42 20 46 52 32 34 20 72 65 63 65 69 76 65 72 73 a3 65 74 61 c0 a9 70 61 69 
6e 74 65 64 41 73 c0 de 00 15 a8 66 6c 69 67 68 74 49 64 a8 34 30 31 63 35 32 63 36 a9 74 69 6d 
65 73 74 61 6d 70 cf 00 00 01 9e ae 84 0c 30 aa 61 69 72 63 72 61 66 74 49 64 a6 41 34 45 32 43 
45 a7 72 61 64 61 72 49 64 a3 32 30 30 a4 74 79 70 65 a4 50 32 38 41 ac 72 65 67 69 73 74 72 61 
74 69 6f 6e a6 4e 34 31 33 38 30 a6 6f 72 69 67 69 6e a3 56 4e 59 ab 64 65 73 74 69 6e 61 74 69 
6f 6e a0 a6 66 6c 69 67 68 74 a0 a6 73 71 75 61 77 6b a4 30 32 37 35 a8 6c 61 74 69 74 75 64 65 
cb 40 41 26 d7 c6 fb d2 74 a9 6c 6f 6e 67 69 74 75 64 65 cb c0 5d 9d 84 ca d5 7b c8 a5 74 72 61 
63 6b cc 80 a8 61 6c 74 69 74 75 64 65 cd 07 d0 a5 73 70 65 65 64 4c a8 6f 6e 47 72 6f 75 6e 64 
c2 a6 76 53 70 65 65 64 d1 fe c0 a8 63 61 6c 6c 73 69 67 6e a6 4e 34 31 33 38 30 aa 73 6f 75 72 
63 65 54 79 70 65 b4 41 44 53 2d 42 20 46 52 32 34 20 72 65 63 65 69 76 65 72 73 a3 65 74 61 c0 
a9 70 61 69 6e 74 65 64 41 73 c0 de 00 15 a8 66 6c 69 67 68 74 49 64 a8 34 30 31 63 33 61 36 38 
a9 74 69 6d 65 73 74 61 6d 70 cf 00 00 01 9e ae 84 04 60 aa 61 69 72 63 72 61 66 74 49 64 a6 41 
41 37 41 44 38 a7 72 61 64 61 72 49 64 a3 32 30 30 a4 74 79 70 65 a4 43 31 37 32 ac 72 65 67 69 
73 74 72 61 74 69 6f 6e a6 4e 37 37 34 34 53 a6 6f 72 69 67 69 6e a3 57 48 50 ab 64 65 73 74 69 
6e 61 74 69 6f 6e a0 a6 66 6c 69 67 68 74 a0 a6 73 71 75 61 77 6b a4 30 30 30 30 a8 6c 61 74 69 
74 75 64 65 cb 40 41 29 32 0d 99 45 b7 a9 6c 6f 6e 67 69 74 75 64 65 cb c0 5d 9d 0d ae 3e 6c 4c 
a5 74 72 61 63 6b cd 01 1b a8 61 6c 74 69 74 75 64 65 cd 08 02 a5 73 70 65 65 64 59 a8 6f 6e 47 
72 6f 75 6e 64 c2 a6 76 53 70 65 65 64 d1 fe 40 a8 63 61 6c 6c 73 69 67 6e a6 4e 37 37 34 34 53 
aa 73 6f 75 72 63 65 54 79 70 65 a3 55 41 54 a3 65 74 61 c0 a9 70 61 69 6e 74 65 64 41 73 c0 de 
00 15 a8 66 6c 69 67 68 74 49 64 a8 34 30 31 63 34 30 34 61 a9 74 69 6d 65 73 74 61 6d 70 cf 00 
00 01 9e ae 84 04 60 aa 61 69 72 63 72 61 66 74 49 64 a6 41 36 33 45 31 42 a7 72 61 64 61 72 49 
64 a3 32 30 30 a4 74 79 70 65 a4 43 31 37 32 ac 72 65 67 69 73 74 72 61 74 69 6f 6e a6 4e 35 30 
31 45 52 a6 6f 72 69 67 69 6e a3 57 48 50 ab 64 65 73 74 69 6e 61 74 69 6f 6e a0 a6 66 6c 69 67 
68 74 a0 a6 73 71 75 61 77 6b a4 30 32 33 35 a8 6c 61 74 69 74 75 64 65 cb 40 41 34 0d 6f 54 4b 
b2 a9 6c 6f 6e 67 69 74 75 64 65 cb c0 5d 9a 5a 46 9d 73 43 a5 74 72 61 63 6b 0e a8 61 6c 74 69 
74 75 64 65 cd 12 2a a5 73 70 65 65 64 4b a8 6f 6e 47 72 6f 75 6e 64 c2 a6 76 53 70 65 65 64 d1 
fa 80 a8 63 61 6c 6c 73 69 67 6e a6 4e 35 30 31 45 52 aa 73 6f 75 72 63 65 54 79 70 65 b4 41 44 
53 2d 42 20 46 52 32 34 20 72 65 63 65 69 76 65 72 73 a3 65 74 61 c0 a9 70 61 69 6e 74 65 64 41 
73 c0 de 00 15 a8 66 6c 69 67 68 74 49 64 a8 34 30 31 63 35 37 31 65 a9 74 69 6d 65 73 74 61 6d 
70 cf 00 00 01 9e ae 83 87 60 aa 61 69 72 63 72 61 66 74 49 64 a6 41 42 35 30 33 31 a7 72 61 64 
61 72 49 64 a4 35 30 30 30 a4 74 79 70 65 a4 43 31 37 32 ac 72 65 67 69 73 74 72 61 74 69 6f 6e 
a6 4e 38 32 38 53 50 a6 6f 72 69 67 69 6e a3 57 48 50 ab 64 65 73 74 69 6e 61 74 69 6f 6e a0 a6 
66 6c 69 67 68 74 a0 a6 73 71 75 61 77 6b a4 30 30 30 30 a8 6c 61 74 69 74 75 64 65 cb 40 41 21 
9e 83 e4 25 af a9 6c 6f 6e 67 69 74 75 64 65 cb c0 5d 9a a5 50 87 01 11 a5 74 72 61 63 6b cd 01 
3d a8 61 6c 74 69 74 75 64 65 00 a5 73 70 65 65 64 0b a8 6f 6e 47 72 6f 75 6e 64 c3 a6 76 53 70 
65 65 64 00 a8 63 61 6c 6c 73 69 67 6e a6 4e 38 32 38 53 50 aa 73 6f 75 72 63 65 54 79 70 65 b0 
41 44 53 2d 42 20 56 6f 6c 75 6e 74 65 65 72 73 a3 65 74 61 c0 a9 70 61 69 6e 74 65 64 41 73 c0 
de 00 15 a8 66 6c 69 67 68 74 49 64 a8 34 30 31 63 33 66 38 61 a9 74 69 6d 65 73 74 61 6d 70 cf 
00 00 01 9e ae 84 04 60 aa 61 69 72 63 72 61 66 74 49 64 a6 41 33 38 35 41 32 a7 72 61 64 61 72 
49 64 a4 35 30 30 30 a4 74 79 70 65 a4 43 31 37 32 ac 72 65 67 69 73 74 72 61 74 69 6f 6e a6 4e 
33 32 36 4c 50 a6 6f 72 69 67 69 6e a3 57 48 50 ab 64 65 73 74 69 6e 61 74 69 6f 6e a3 57 48 50 
a6 66 6c 69 67 68 74 a0 a6 73 71 75 61 77 6b a4 31 32 30 30 a8 6c 61 74 69 74 75 64 65 cb 40 41 
21 25 99 ed 7c 70 a9 6c 6f 6e 67 69 74 75 64 65 cb c0 5d 9a 65 6a bd e3 fc a5 74 72 61 63 6b cd 
01 40 a8 61 6c 74 69 74 75 64 65 00 a5 73 70 65 65 64 0d a8 6f 6e 47 72 6f 75 6e 64 c3 a6 76 53 
70 65 65 64 00 a8 63 61 6c 6c 73 69 67 6e a6 4e 33 32 36 4c 50 aa 73 6f 75 72 63 65 54 79 70 65 
b0 41 44 53 2d 42 20 56 6f 6c 75 6e 74 65 65 72 73 a3 65 74 61 c0 a9 70 61 69 6e 74 65 64 41 73 
c0 de 00 15 a8 66 6c 69 67 68 74 49 64 a8 34 30 31 63 35 32 39 32 a9 74 69 6d 65 73 74 61 6d 70 
cf 00 00 01 9e ae 84 04 60 aa 61 69 72 63 72 61 66 74 49 64 a6 41 33 33 36 31 44 a7 72 61 64 61 
72 49 64 a3 32 30 30 a4 74 79 70 65 a4 42 35 30 35 ac 72 65 67 69 73 74 72 61 74 69 6f 6e a6 4e 
33 30 36 46 44 a6 6f 72 69 67 69 6e a0 ab 64 65 73 74 69 6e 61 74 69 6f 6e a0 a6 66 6c 69 67 68 
74 a0 a6 73 71 75 61 77 6b a4 31 32 30 30 a8 6c 61 74 69 74 75 64 65 cb 40 41 1d 24 9e 44 fa 05 
a9 6c 6f 6e 67 69 74 75 64 65 cb c0 5d a8 16 72 32 4c 83 a5 74 72 61 63 6b cc b4 a8 61 6c 74 69 
74 75 64 65 cd 04 01 a5 73 70 65 65 64 02 a8 6f 6e 47 72 6f 75 6e 64 c2 a6 76 53 70 65 65 64 d0 
c0 a8 63 61 6c 6c 73 69 67 6e a5 46 49 52 45 36 aa 73 6f 75 72 63 65 54 79 70 65 b4 41 44 53 2d 
42 20 46 52 32 34 20 72 65 63 65 69 76 65 72 73 a3 65 74 61 c0 a9 70 61 69 6e 74 65 64 41 73 c0 
de 00 15 a8 66 6c 69 67 68 74 49 64 a8 34 30 31 63 35 31 34 36 a9 74 69 6d 65 73 74 61 6d 70 cf 
00 00 01 9e ae 84 08 48 aa 61 69 72 63 72 61 66 74 49 64 a6 41 36 43 45 32 31 a7 72 61 64 61 72 
49 64 a4 37 37 34 32 a4 74 79 70 65 a4 43 31 37 32 ac 72 65 67 69 73 74 72 61 74 69 6f 6e a6 4e 
35 33 37 39 37 a6 6f 72 69 67 69 6e a3 51 54 43 ab 64 65 73 74 69 6e 61 74 69 6f 6e a3 43 43 42 
a6 66 6c 69 67 68 74 a0 a6 73 71 75 61 77 6b a4 34 37 36 37 a8 6c 61 74 69 74 75 64 65 cb 40 41 
1d 8a da b9 f5 5a a9 6c 6f 6e 67 69 74 75 64 65 cb c0 5d ac 3d ee 78 18 40 a5 74 72 61 63 6b 5b 
a8 61 6c 74 69 74 75 64 65 cd 14 50 a5 73 70 65 65 64 71 a8 6f 6e 47 72 6f 75 6e 64 c2 a6 76 53 
70 65 65 64 00 a8 63 61 6c 6c 73 69 67 6e a6 4e 35 33 37 39 37 aa 73 6f 75 72 63 65 54 79 70 65 
a4 4d 4c 41 54 a3 65 74 61 cf 00 00 01 9e ae a7 5f 28 a9 70 61 69 6e 74 65 64 41 73 c0 de 00 15 
a8 66 6c 69 67 68 74 49 64 a8 34 30 31 62 64 31 65 31 a9 74 69 6d 65 73 74 61 6d 70 cf 00 00 01 
9e ae 84 04 60 aa 61 69 72 63 72 61 66 74 49 64 a6 41 35 42 41 31 30 a7 72 61 64 61 72 49 64 a3 
32 30 30 a4 74 79 70 65 a4 43 31 35 32 ac 72 65 67 69 73 74 72 61 74 69 6f 6e a6 4e 34 36 38 32 
36 a6 6f 72 69 67 69 6e a3 56 4e 59 ab 64 65 73 74 69 6e 61 74 69 6f 6e a0 a6 66 6c 69 67 68 74 
a0 a6 73 71 75 61 77 6b a4 30 32 37 32 a8 6c 61 74 69 74 75 64 65 cb 40 41 15 21 ff 2e 48 e9 a9 
6c 6f 6e 67 69 74 75 64 65 cb c0 5d b1 1d 68 c6 92 f7 a5 74 72 61 63 6b 27 a8 61 6c 74 69 74 75 
64 65 cd 0d ac a5 73 70 65 65 64 4b a8 6f 6e 47 72 6f 75 6e 64 c2 a6 76 53 70 65 65 64 cd 02 80 
a8 63 61 6c 6c 73 69 67 6e a6 4e 34 36 38 32 36 aa 73 6f 75 72 63 65 54 79 70 65 b4 41 44 53 2d 
42 20 46 52 32 34 20 72 65 63 65 69 76 65 72 73 a3 65 74 61 c0 a9 70 61 69 6e 74 65 64 41 73 c0 
de 00 15 a8 66 6c 69 67 68 74 49 64 a8 34 30 31 63 33 65 33 63 a9 74 69 6d 65 73 74 61 6d 70 cf 
00 00 01 9e ae 84 0c 30 aa 61 69 72 63 72 61 66 74 49 64 a6 41 37 36 38 30 37 a7 72 61 64 61 72 
49 64 a3 32 30 30 a4 74 79 70 65 a4 53 4c 47 32 ac 72 65 67 69 73 74 72 61 74 69 6f 6e a6 4e 35 
37 36 37 47 a6 6f 72 69 67 69 6e a3 51 54 43 ab 64 65 73 74 69 6e 61 74 69 6f 6e a0 a6 66 6c 69 
67 68 74 a0 a6 73 71 75 61 77 6b a4 34 37 30 37 a8 6c 61 74 69 74 75 64 65 cb 40 41 14 78 e9 f6 
a9 3f a9 6c 6f 6e 67 69 74 75 64 65 cb c0 5d ab 52 54 60 aa 65 a5 74 72 61 63 6b 62 a8 61 6c 74 
69 74 75 64 65 cd 15 ae a5 73 70 65 65 64 68 a8 6f 6e 47 72 6f 75 6e 64 c2 a6 76 53 70 65 65 64 
00 a8 63 61 6c 6c 73 69 67 6e a6 4e 35 37 36 37 47 aa 73 6f 75 72 63 65 54 79 70 65 b4 41 44 53 
2d 42 20 46 52 32 34 20 72 65 63 65 69 76 65 72 73 a3 65 74 61 c0 a9 70 61 69 6e 74 65 64 41 73 
c0 de 00 15 a8 66 6c 69 67 68 74 49 64 a8 34 30 31 63 33 37 31 39 a9 74 69 6d 65 73 74 61 6d 70 
cf 00 00 01 9e ae 84 08 48 aa 61 69 72 63 72 61 66 74 49 64 a6 41 36 37 33 43 46 a7 72 61 64 61 
72 49 64 a3 32 30 30 a4 74 79 70 65 a4 43 31 37 32 ac 72 65 67 69 73 74 72 61 74 69 6f 6e a6 4e 
35 31 34 38 56 a6 6f 72 69 67 69 6e a3 56 4e 59 ab 64 65 73 74 69 6e 61 74 69 6f 6e a0 a6 66 6c 
69 67 68 74 a0 a6 73 71 75 61 77 6b a4 30 32 36 36 a8 6c 61 74 69 74 75 64 65 cb 40 41 06 65 be 
a0 ba 1f a9 6c 6f 6e 67 69 74 75 64 65 cb c0 5d b1 50 da e3 e6 c5 a5 74 72 61 63 6b cd 01 11 a8 
61 6c 74 69 74 75 64 65 cd 11 f8 a5 73 70 65 65 64 56 a8 6f 6e 47 72 6f 75 6e 64 c2 a6 76 53 70 
65 65 64 cd 02 00 a8 63 61 6c 6c 73 69 67 6e a6 4e 35 31 34 38 56 aa 73 6f 75 72 63 65 54 79 70 
65 b4 41 44 53 2d 42 20 46 52 32 34 20 72 65 63 65 69 76 65 72 73 a3 65 74 61 c0 a9 70 61 69 6e 
74 65 64 41 73 c0 de 00 15 a8 66 6c 69 67 68 74 49 64 a8 34 30 31 62 65 64 38 35 a9 74 69 6d 65 
73 74 61 6d 70 cf 00 00 01 9e ae 84 0c 30 aa 61 69 72 63 72 61 66 74 49 64 a6 41 45 34 46 42 35 
a7 72 61 64 61 72 49 64 a3 32 30 30 a4 74 79 70 65 a3 48 36 30 ac 72 65 67 69 73 74 72 61 74 69 
6f 6e a6 31 36 38 31 30 31 a6 6f 72 69 67 69 6e a3 4e 5a 59 ab 64 65 73 74 69 6e 61 74 69 6f 6e 
a0 a6 66 6c 69 67 68 74 a0 a6 73 71 75 61 77 6b a4 31 32 30 30 a8 6c 61 74 69 74 75 64 65 cb 40 
41 00 86 59 4a f4 f1 a9 6c 6f 6e 67 69 74 75 64 65 cb c0 5d b5 87 e7 c0 6e 1a a5 74 72 61 63 6b 
cd 01 27 a8 61 6c 74 69 74 75 64 65 cd 03 e8 a5 73 70 65 65 64 4d a8 6f 6e 47 72 6f 75 6e 64 c2 
a6 76 53 70 65 65 64 00 a8 63 61 6c 6c 73 69 67 6e a4 52 53 34 35 aa 73 6f 75 72 63 65 54 79 70 
65 b4 41 44 53 2d 42 20 46 52 32 34 20 72 65 63 65 69 76 65 72 73 a3 65 74 61 c0 a9 70 61 69 6e 
74 65 64 41 73 a3 43 4e 56 de 00 15 a8 66 6c 69 67 68 74 49 64 a8 34 30 31 63 34 38 39 32 a9 74 
69 6d 65 73 74 61 6d 70 cf 00 00 01 9e ae 84 04 60 aa 61 69 72 63 72 61 66 74 49 64 a6 41 35 39 
42 36 35 a7 72 61 64 61 72 49 64 a3 32 30 30 a4 74 79 70 65 a3 48 36 30 ac 72 65 67 69 73 74 72 
61 74 69 6f 6e a6 4e 34 36 30 55 48 a6 6f 72 69 67 69 6e a3 51 54 43 ab 64 65 73 74 69 6e 61 74 
69 6f 6e a0 a6 66 6c 69 67 68 74 a0 a6 73 71 75 61 77 6b a4 31 32 30 30 a8 6c 61 74 69 74 75 64 
65 cb 40 41 00 31 26 e9 78 d5 a9 6c 6f 6e 67 69 74 75 64 65 cb c0 5d b3 13 be 22 e5 de a5 74 72 
61 63 6b cd 01 3f a8 61 6c 74 69 74 75 64 65 cd 02 a3 a5 73 70 65 65 64 51 a8 6f 6e 47 72 6f 75 
6e 64 c2 a6 76 53 70 65 65 64 cc 80 a8 63 61 6c 6c 73 69 67 6e a6 4e 34 36 30 55 48 aa 73 6f 75 
72 63 65 54 79 70 65 b4 41 44 53 2d 42 20 46 52 32 34 20 72 65 63 65 69 76 65 72 73 a3 65 74 61 
c0 a9 70 61 69 6e 74 65 64 41 73 c0 de 00 15 a8 66 6c 69 67 68 74 49 64 a8 34 30 31 63 35 30 32 
30 a9 74 69 6d 65 73 74 61 6d 70 cf 00 00 01 9e ae 84 00 78 aa 61 69 72 63 72 61 66 74 49 64 a6 
41 38 39 41 37 34 a7 72 61 64 61 72 49 64 a3 32 30 30 a4 74 79 70 65 a4 43 31 37 32 ac 72 65 67 
69 73 74 72 61 74 69 6f 6e a6 4e 36 35 33 31 31 a6 6f 72 69 67 69 6e a0 ab 64 65 73 74 69 6e 61 
74 69 6f 6e a0 a6 66 6c 69 67 68 74 a0 a6 73 71 75 61 77 6b a4 30 30 30 30 a8 6c 61 74 69 74 75 
64 65 cb 40 40 d9 8b 2e 9c cb 7d a9 6c 6f 6e 67 69 74 75 64 65 cb c0 5d 97 f6 d3 30 94 1d a5 74 
72 61 63 6b cc a2 a8 61 6c 74 69 74 75 64 65 cd 0c 1c a5 73 70 65 65 64 62 a8 6f 6e 47 72 6f 75 
6e 64 c2 a6 76 53 70 65 65 64 cd 01 40 a8 63 61 6c 6c 73 69 67 6e a6 4e 36 35 33 31 31 aa 73 6f 
75 72 63 65 54 79 70 65 a3 55 41 54 a3 65 74 61 c0 a9 70 61 69 6e 74 65 64 41 73 c0 de 00 15 a8 
66 6c 69 67 68 74 49 64 a8 34 30 31 63 33 31 32 66 a9 74 69 6d 65 73 74 61 6d 70 cf 00 00 01 9e 
ae 84 04 60 aa 61 69 72 63 72 61 66 74 49 64 a6 41 38 39 44 33 46 a7 72 61 64 61 72 49 64 a3 32 
30 30 a4 74 79 70 65 a4 53 4c 47 32 ac 72 65 67 69 73 74 72 61 74 69 6f 6e a5 4e 36 35 34 54 a6 
6f 72 69 67 69 6e a3 54 4f 41 ab 64 65 73 74 69 6e 61 74 69 6f 6e a0 a6 66 6c 69 67 68 74 a0 a6 
73 71 75 61 77 6b a4 31 32 30 30 a8 6c 61 74 69 74 75 64 65 cb 40 40 db 9b ba dc 09 81 a9 6c 6f 
6e 67 69 74 75 64 65 cb c0 5d 99 6b b9 8c 7e 28 a5 74 72 61 63 6b cc be a8 61 6c 74 69 74 75 64 
65 cd 0f a0 a5 73 70 65 65 64 55 a8 6f 6e 47 72 6f 75 6e 64 c2 a6 76 53 70 65 65 64 d0 80 a8 63 
61 6c 6c 73 69 67 6e a5 4e 36 35 34 54 aa 73 6f 75 72 63 65 54 79 70 65 b4 41 44 53 2d 42 20 46 
52 32 34 20 72 65 63 65 69 76 65 72 73 a3 65 74 61 c0 a9 70 61 69 6e 74 65 64 41 73 c0 de 00 15 
a8 66 6c 69 67 68 74 49 64 a8 34 30 31 63 33 64 38 34 a9 74 69 6d 65 73 74 61 6d 70 cf 00 00 01 
9e ae 84 08 48 aa 61 69 72 63 72 61 66 74 49 64 a6 41 44 34 37 45 34 a7 72 61 64 61 72 49 64 a3 
32 30 30 a4 74 79 70 65 a4 50 30 36 54 ac 72 65 67 69 73 74 72 61 74 69 6f 6e a6 4e 39 35 35 47 
56 a6 6f 72 69 67 69 6e a3 54 4f 41 ab 64 65 73 74 69 6e 61 74 69 6f 6e a0 a6 66 6c 69 67 68 74 
a0 a6 73 71 75 61 77 6b a4 31 32 30 30 a8 6c 61 74 69 74 75 64 65 cb 40 40 d4 4d a9 00 3e ea a9 
6c 6f 6e 67 69 74 75 64 65 cb c0 5d 96 e3 e6 c4 c5 97 a5 74 72 61 63 6b 19 a8 61 6c 74 69 74 75 
64 65 cd 0e 10 a5 73 70 65 65 64 79 a8 6f 6e 47 72 6f 75 6e 64 c2 a6 76 53 70 65 65 64 cd 01 00 
a8 63 61 6c 6c 73 69 67 6e a6 4e 39 35 35 47 56 aa 73 6f 75 72 63 65 54 79 70 65 b4 41 44 53 2d 
42 20 46 52 32 34 20 72 65 63 65 69 76 65 72 73 a3 65 74 61 c0 a9 70 61 69 6e 74 65 64 41 73 c0 
de 00 15 a8 66 6c 69 67 68 74 49 64 a8 34 30 31 63 34 64 62 39 a9 74 69 6d 65 73 74 61 6d 70 cf 
00 00 01 9e ae 84 08 48 aa 61 69 72 63 72 61 66 74 49 64 a6 41 41 31 41 38 31 a7 72 61 64 61 72 
49 64 a3 32 30 30 a4 74 79 70 65 a4 43 52 4a 37 ac 72 65 67 69 73 74 72 61 74 69 6f 6e a6 4e 37 
35 30 45 56 a6 6f 72 69 67 69 6e a3 4c 41 58 ab 64 65 73 74 69 6e 61 74 69 6f 6e a3 54 55 53 a6 
66 6c 69 67 68 74 a6 41 41 36 33 37 32 a6 73 71 75 61 77 6b a4 36 37 35 32 a8 6c 61 74 69 74 75 
64 65 cb 40 40 d3 e8 bc 16 9c 24 a9 6c 6f 6e 67 69 74 75 64 65 cb c0 5d 97 f2 90 ab b4 4e a5 74 
72 61 63 6b 6a a8 61 6c 74 69 74 75 64 65 cd 32 fa a5 73 70 65 65 64 cd 01 5b a8 6f 6e 47 72 6f 
75 6e 64 c2 a6 76 53 70 65 65 64 cd 0c c0 a8 63 61 6c 6c 73 69 67 6e a7 53 4b 57 36 33 37 32 aa 
73 6f 75 72 63 65 54 79 70 65 b4 41 44 53 2d 42 20 46 52 32 34 20 72 65 63 65 69 76 65 72 73 a3 
65 74 61 cf 00 00 01 9e ae b4 e8 00 a9 70 61 69 6e 74 65 64 41 73 a3 41 41 4c de 00 15 a8 66 6c 
69 67 68 74 49 64 a8 34 30 31 62 63 62 66 65 a9 74 69 6d 65 73 74 61 6d 70 cf 00 00 01 9e ae 84 
08 48 aa 61 69 72 63 72 61 66 74 49 64 a6 41 34 35 36 45 34 a7 72 61 64 61 72 49 64 a3 32 30 30 
a4 74 79 70 65 a4 43 31 37 32 ac 72 65 67 69 73 74 72 61 74 69 6f 6e a6 4e 33 37 39 54 41 a6 6f 
72 69 67 69 6e a3 54 4f 41 ab 64 65 73 74 69 6e 61 74 69 6f 6e a0 a6 66 6c 69 67 68 74 a0 a6 73 
71 75 61 77 6b a4 31 32 30 30 a8 6c 61 74 69 74 75 64 65 cb 40 40 dc ed e5 4b 48 d4 a9 6c 6f 6e 
67 69 74 75 64 65 cb c0 5d 97 c8 f3 23 78 ab a5 74 72 61 63 6b cd 01 1e a8 61 6c 74 69 74 75 64 
65 cd 0e 10 a5 73 70 65 65 64 54 a8 6f 6e 47 72 6f 75 6e 64 c2 a6 76 53 70 65 65 64 40 a8 63 61 
6c 6c 73 69 67 6e a6 4e 33 37 39 54 41 aa 73 6f 75 72 63 65 54 79 70 65 b4 41 44 53 2d 42 20 46 
52 32 34 20 72 65 63 65 69 76 65 72 73 a3 65 74 61 c0 a9 70 61 69 6e 74 65 64 41 73 c0 de 00 15 
a8 66 6c 69 67 68 74 49 64 a8 34 30 31 62 64 35 30 36 a9 74 69 6d 65 73 74 61 6d 70 cf 00 00 01 
9e ae 84 08 48 aa 61 69 72 63 72 61 66 74 49 64 a6 41 44 31 33 37 42 a7 72 61 64 61 72 49 64 a3 
32 30 30 a4 74 79 70 65 a4 43 31 35 32 ac 72 65 67 69 73 74 72 61 74 69 6f 6e a6 4e 39 34 31 31 
38 a6 6f 72 69 67 69 6e a3 4c 47 42 ab 64 65 73 74 69 6e 61 74 69 6f 6e a0 a6 66 6c 69 67 68 74 
a0 a6 73 71 75 61 77 6b a4 31 32 30 30 a8 6c 61 74 69 74 75 64 65 cb 40 40 d1 3d 85 9c 8c 93 a9 
6c 6f 6e 67 69 74 75 64 65 cb c0 5d 8b 96 d0 91 7d 6b a5 74 72 61 63 6b cd 01 11 a8 61 6c 74 69 
74 75 64 65 cd 0b b8 a5 73 70 65 65 64 40 a8 6f 6e 47 72 6f 75 6e 64 c2 a6 76 53 70 65 65 64 d1 
ff 00 a8 63 61 6c 6c 73 69 67 6e a6 4e 39 34 31 31 38 aa 73 6f 75 72 63 65 54 79 70 65 b4 41 44 
53 2d 42 20 46 52 32 34 20 72 65 63 65 69 76 65 72 73 a3 65 74 61 c0 a9 70 61 69 6e 74 65 64 41 
73 c0 de 00 15 a8 66 6c 69 67 68 74 49 64 a8 34 30 31 63 33 39 66 33 a9 74 69 6d 65 73 74 61 6d 
70 cf 00 00 01 9e ae 84 04 60 aa 61 69 72 63 72 61 66 74 49 64 a6 41 38 41 32 32 45 a7 72 61 64 
61 72 49 64 a3 32 30 30 a4 74 79 70 65 a4 43 31 37 32 ac 72 65 67 69 73 74 72 61 74 69 6f 6e a6 
4e 36 35 35 33 37 a6 6f 72 69 67 69 6e a3 4c 47 42 ab 64 65 73 74 69 6e 61 74 69 6f 6e a0 a6 66 
6c 69 67 68 74 a0 a6 73 71 75 61 77 6b a4 30 30 30 30 a8 6c 61 74 69 74 75 64 65 cb 40 40 d3 f3 
8c 54 36 b9 a9 6c 6f 6e 67 69 74 75 64 65 cb c0 5d 93 01 3a 92 a3 05 a5 74 72 61 63 6b cd 01 13 
a8 61 6c 74 69 74 75 64 65 cd 11 f8 a5 73 70 65 65 64 50 a8 6f 6e 47 72 6f 75 6e 64 c2 a6 76 53 
70 65 65 64 00 a8 63 61 6c 6c 73 69 67 6e a6 4e 36 35 35 33 37 aa 73 6f 75 72 63 65 54 79 70 65 
a3 55 41 54 a3 65 74 61 c0 a9 70 61 69 6e 74 65 64 41 73 c0 de 00 15 a8 66 6c 69 67 68 74 49 64 
a8 34 30 31 63 33 34 30 64 a9 74 69 6d 65 73 74 61 6d 70 cf 00 00 01 9e ae 84 04 60 aa 61 69 72 
63 72 61 66 74 49 64 a6 41 42 33 35 31 46 a7 72 61 64 61 72 49 64 a3 32 30 30 a4 74 79 70 65 a4 
53 4c 47 32 ac 72 65 67 69 73 74 72 61 74 69 6f 6e a6 4e 38 32 31 46 52 a6 6f 72 69 67 69 6e a3 
54 4f 41 ab 64 65 73 74 69 6e 61 74 69 6f 6e a0 a6 66 6c 69 67 68 74 a0 a6 73 71 75 61 77 6b a4 
31 32 30 30 a8 6c 61 74 69 74 75 64 65 cb 40 40 d4 74 fb 54 9f 95 a9 6c 6f 6e 67 69 74 75 64 65 
cb c0 5d 8d e2 04 6c 76 4b a5 74 72 61 63 6b cc 82 a8 61 6c 74 69 74 75 64 65 cd 0b 86 a5 73 70 
65 65 64 57 a8 6f 6e 47 72 6f 75 6e 64 c2 a6 76 53 70 65 65 64 cd 01 c0 a8 63 61 6c 6c 73 69 67 
6e a6 4e 38 32 31 46 52 aa 73 6f 75 72 63 65 54 79 70 65 b4 41 44 53 2d 42 20 46 52 32 34 20 72 
65 63 65 69 76 65 72 73 a3 65 74 61 c0 a9 70 61 69 6e 74 65 64 41 73 c0 de 00 15 a8 66 6c 69 67 
68 74 49 64 a8 34 30 31 63 32 65 65 66 a9 74 69 6d 65 73 74 61 6d 70 cf 00 00 01 9e ae 84 04 60 
aa 61 69 72 63 72 61 66 74 49 64 a6 41 44 41 35 45 45 a7 72 61 64 61 72 49 64 a3 32 30 30 a4 74 
79 70 65 a4 41 33 32 31 ac 72 65 67 69 73 74 72 61 74 69 6f 6e a6 4e 39 37 39 4a 54 a6 6f 72 69 
67 69 6e a3 4c 41 58 ab 64 65 73 74 69 6e 61 74 69 6f 6e a3 4a 46 4b a6 66 6c 69 67 68 74 a5 42 
36 39 32 34 a6 73 71 75 61 77 6b a4 31 33 34 35 a8 6c 61 74 69 74 75 64 65 cb 40 40 d2 74 d1 63 
34 83 a9 6c 6f 6e 67 69 74 75 64 65 cb c0 5d 91 15 0d ae 3e 6c a5 74 72 61 63 6b 58 a8 61 6c 74 
69 74 75 64 65 cd 2d 82 a5 73 70 65 65 64 cd 01 52 a8 6f 6e 47 72 6f 75 6e 64 c2 a6 76 53 70 65 
65 64 cd 03 c0 a8 63 61 6c 6c 73 69 67 6e a6 4a 42 55 39 32 34 aa 73 6f 75 72 63 65 54 79 70 65 
b4 41 44 53 2d 42 20 46 52 32 34 20 72 65 63 65 69 76 65 72 73 a3 65 74 61 cf 00 00 01 9e af bb 
ef f0 a9 70 61 69 6e 74 65 64 41 73 a3 4a 42 55 de 00 15 a8 66 6c 69 67 68 74 49 64 a8 34 30 31 
63 33 33 36 62 a9 74 69 6d 65 73 74 61 6d 70 cf 00 00 01 9e ae 84 00 78 aa 61 69 72 63 72 61 66 
74 49 64 a6 41 38 44 39 31 35 a7 72 61 64 61 72 49 64 a3 32 30 30 a4 74 79 70 65 a4 43 31 35 32 
ac 72 65 67 69 73 74 72 61 74 69 6f 6e a6 4e 36 36 39 37 37 a6 6f 72 69 67 69 6e a3 46 55 4c ab 
64 65 73 74 69 6e 61 74 69 6f 6e a0 a6 66 6c 69 67 68 74 a0 a6 73 71 75 61 77 6b a4 31 32 30 30 
a8 6c 61 74 69 74 75 64 65 cb 40 40 d8 f2 7b b2 fe c5 a9 6c 6f 6e 67 69 74 75 64 65 cb c0 5d 88 
42 d8 c2 a4 55 a5 74 72 61 63 6b 44 a8 61 6c 74 69 74 75 64 65 cd 04 01 a5 73 70 65 65 64 5d a8 
6f 6e 47 72 6f 75 6e 64 c2 a6 76 53 70 65 65 64 d1 ff 40 a8 63 61 6c 6c 73 69 67 6e a6 4e 36 36 
39 37 37 aa 73 6f 75 72 63 65 54 79 70 65 b4 41 44 53 2d 42 20 46 52 32 34 20 72 65 63 65 69 76 
65 72 73 a3 65 74 61 c0 a9 70 61 69 6e 74 65 64 41 73 c0 de 00 15 a8 66 6c 69 67 68 74 49 64 a8 
34 30 31 62 34 38 62 35 a9 74 69 6d 65 73 74 61 6d 70 cf 00 00 01 9e ae 84 08 48 aa 61 69 72 63 
72 61 66 74 49 64 a6 41 32 32 44 45 43 a7 72 61 64 61 72 49 64 a3 32 30 30 a4 74 79 70 65 a4 43 
31 37 32 ac 72 65 67 69 73 74 72 61 74 69 6f 6e a5 4e 32 34 43 56 a6 6f 72 69 67 69 6e a3 4c 47 
42 ab 64 65 73 74 69 6e 61 74 69 6f 6e a0 a6 66 6c 69 67 68 74 a0 a6 73 71 75 61 77 6b a4 31 32 
30 30 a8 6c 61 74 69 74 75 64 65 cb 40 40 dc 52 e7 2d a1 23 a9 6c 6f 6e 67 69 74 75 64 65 cb c0 
5d 87 30 be 0d ed 29 a5 74 72 61 63 6b 47 a8 61 6c 74 69 74 75 64 65 cd 0c 1c a5 73 70 65 65 64 
4f a8 6f 6e 47 72 6f 75 6e 64 c2 a6 76 53 70 65 65 64 d1 fe 80 a8 63 61 6c 6c 73 69 67 6e a5 4e 
32 34 43 56 aa 73 6f 75 72 63 65 54 79 70 65 b4 41 44 53 2d 42 20 46 52 32 34 20 72 65 63 65 69 
76 65 72 73 a3 65 74 61 c0 a9 70 61 69 6e 74 65 64 41 73 c0 de 00 15 a8 66 6c 69 67 68 74 49 64 
a8 34 30 31 62 63 30 63 31 a9 74 69 6d 65 73 74 61 6d 70 cf 00 00 01 9e ae 84 04 60 aa 61 69 72 
63 72 61 66 74 49 64 a6 41 35 41 38 36 46 a7 72 61 64 61 72 49 64 a3 32 30 30 a4 74 79 70 65 a4 
43 31 35 32 ac 72 65 67 69 73 74 72 61 74 69 6f 6e a6 4e 34 36 33 39 33 a6 6f 72 69 67 69 6e a3 
4c 47 42 ab 64 65 73 74 69 6e 61 74 69 6f 6e a0 a6 66 6c 69 67 68 74 a0 a6 73 71 75 61 77 6b a4 
30 30 30 30 a8 6c 61 74 69 74 75 64 65 cb 40 40 dc 17 97 cc 3a 00 a9 6c 6f 6e 67 69 74 75 64 65 
cb c0 5d 8c 15 f4 5e 0b 4e a5 74 72 61 63 6b cd 01 45 a8 61 6c 74 69 74 75 64 65 cd 08 fc a5 73 
70 65 65 64 47 a8 6f 6e 47 72 6f 75 6e 64 c2 a6 76 53 70 65 65 64 d1 fd 00 a8 63 61 6c 6c 73 69 
67 6e a6 4e 34 36 33 39 33 aa 73 6f 75 72 63 65 54 79 70 65 a3 55 41 54 a3 65 74 61 c0 a9 70 61 
69 6e 74 65 64 41 73 c0 de 00 15 a8 66 6c 69 67 68 74 49 64 a8 34 30 31 63 32 30 32 35 a9 74 69 
6d 65 73 74 61 6d 70 cf 00 00 01 9e ae 84 0c 30 aa 61 69 72 63 72 61 66 74 49 64 a6 41 36 33 33 
38 38 a7 72 61 64 61 72 49 64 a3 32 30 30 a4 74 79 70 65 a4 42 37 33 37 ac 72 65 67 69 73 74 72 
61 74 69 6f 6e a6 4e 34 39 39 57 4e a6 6f 72 69 67 69 6e a3 4c 41 53 ab 64 65 73 74 69 6e 61 74 
69 6f 6e a3 4c 47 42 a6 66 6c 69 67 68 74 a6 57 4e 31 33 32 31 a6 73 71 75 61 77 6b a4 34 36 32 
33 a8 6c 61 74 69 74 75 64 65 cb 40 40 e0 29 f1 6b 11 c7 a9 6c 6f 6e 67 69 74 75 64 65 cb c0 5d 
84 8f 32 37 8a b1 a5 74 72 61 63 6b cd 01 39 a8 61 6c 74 69 74 75 64 65 cd 06 bd a5 73 70 65 65 
64 cc a2 a8 6f 6e 47 72 6f 75 6e 64 c2 a6 76 53 70 65 65 64 d1 fc c0 a8 63 61 6c 6c 73 69 67 6e 
a7 53 57 41 31 33 32 31 aa 73 6f 75 72 63 65 54 79 70 65 b4 41 44 53 2d 42 20 46 52 32 34 20 72 
65 63 65 69 76 65 72 73 a3 65 74 61 cf 00 00 01 9e ae 86 90 b8 a9 70 61 69 6e 74 65 64 41 73 a3 
53 57 41 de 00 15 a8 66 6c 69 67 68 74 49 64 a8 34 30 31 62 35 34 61 37 a9 74 69 6d 65 73 74 61 
6d 70 cf 00 00 01 9e ae 84 04 60 aa 61 69 72 63 72 61 66 74 49 64 a6 41 42 31 34 38 42 a7 72 61 
64 61 72 49 64 a3 32 30 30 a4 74 79 70 65 a4 42 33 38 4d ac 72 65 67 69 73 74 72 61 74 69 6f 6e 
a6 4e 38 31 33 41 4b a6 6f 72 69 67 69 6e a3 4c 49 52 ab 64 65 73 74 69 6e 61 74 69 6f 6e a3 4c 
41 58 a6 66 6c 69 67 68 74 a6 41 53 31 33 33 31 a6 73 71 75 61 77 6b a4 32 30 36 34 a8 6c 61 74 
69 74 75 64 65 cb 40 40 e0 27 fa 1a 0c f2 a9 6c 6f 6e 67 69 74 75 64 65 cb c0 5d 82 b9 f5 59 b3 
d0 a5 74 72 61 63 6b cd 01 57 a8 61 6c 74 69 74 75 64 65 cd 1b 71 a5 73 70 65 65 64 cc e3 a8 6f 
6e 47 72 6f 75 6e 64 c2 a6 76 53 70 65 65 64 cd 01 80 a8 63 61 6c 6c 73 69 67 6e a7 41 53 41 31 
33 33 31 aa 73 6f 75 72 63 65 54 79 70 65 b4 41 44 53 2d 42 20 46 52 32 34 20 72 65 63 65 69 76 
65 72 73 a3 65 74 61 cf 00 00 01 9e ae 8a 32 68 a9 70 61 69 6e 74 65 64 41 73 a3 41 53 41 de 00 
15 a8 66 6c 69 67 68 74 49 64 a8 34 30 31 62 33 38 30 37 a9 74 69 6d 65 73 74 61 6d 70 cf 00 00 
01 9e ae 84 04 60 aa 61 69 72 63 72 61 66 74 49 64 a6 41 44 39 34 35 41 a7 72 61 64 61 72 49 64 
a3 32 30 30 a4 74 79 70 65 a4 41 33 32 31 ac 72 65 67 69 73 74 72 61 74 69 6f 6e a6 4e 39 37 34 
55 59 a6 6f 72 69 67 69 6e a3 43 4c 54 ab 64 65 73 74 69 6e 61 74 69 6f 6e a3 4c 41 58 a6 66 6c 
69 67 68 74 a5 41 41 33 35 32 a6 73 71 75 61 77 6b a4 34 31 34 36 a8 6c 61 74 69 74 75 64 65 cb 
40 40 fe 27 7c 45 cb bc a9 6c 6f 6e 67 69 74 75 64 65 cb c0 5d 79 bd 7b 20 31 cf a5 74 72 61 63 
6b cd 01 07 a8 61 6c 74 69 74 75 64 65 cd 1f a4 a5 73 70 65 65 64 cd 01 23 a8 6f 6e 47 72 6f 75 
6e 64 c2 a6 76 53 70 65 65 64 d1 fa 40 a8 63 61 6c 6c 73 69 67 6e a6 41 41 4c 33 35 32 aa 73 6f 
75 72 63 65 54 79 70 65 b4 41 44 53 2d 42 20 46 52 32 34 20 72 65 63 65 69 76 65 72 73 a3 65 74 
61 cf 00 00 01 9e ae 8b c4 c0 a9 70 61 69 6e 74 65 64 41 73 a3 41 41 4c de 00 15 a8 66 6c 69 67 
68 74 49 64 a8 34 30 31 63 33 66 62 36 a9 74 69 6d 65 73 74 61 6d 70 cf 00 00 01 9e ae 84 04 60 
aa 61 69 72 63 72 61 66 74 49 64 a6 30 30 30 31 39 30 a7 72 61 64 61 72 49 64 a4 37 37 34 32 a4 
74 79 70 65 a4 30 30 30 30 ac 72 65 67 69 73 74 72 61 74 69 6f 6e a8 30 30 30 30 30 30 30 30 a6 
6f 72 69 67 69 6e a0 ab 64 65 73 74 69 6e 61 74 69 6f 6e a0 a6 66 6c 69 67 68 74 a0 a6 73 71 75 
61 77 6b a4 34 34 35 33 a8 6c 61 74 69 74 75 64 65 cb 40 41 16 a9 e6 ee b7 02 a9 6c 6f 6e 67 69 
74 75 64 65 cb c0 5d 79 d1 24 4a 62 24 a5 74 72 61 63 6b cc 95 a8 61 6c 74 69 74 75 64 65 cd 86 
ab a5 73 70 65 65 64 11 a8 6f 6e 47 72 6f 75 6e 64 c2 a6 76 53 70 65 65 64 cd 01 c0 a8 63 61 6c 
6c 73 69 67 6e a7 4e 53 4c 30 31 39 30 aa 73 6f 75 72 63 65 54 79 70 65 a4 4d 4c 41 54 a3 65 74 
61 c0 a9 70 61 69 6e 74 65 64 41 73 c0 de 00 15 a8 66 6c 69 67 68 74 49 64 a8 34 30 31 63 32 63 
36 32 a9 74 69 6d 65 73 74 61 6d 70 cf 00 00 01 9e ae 84 08 48 aa 61 69 72 63 72 61 66 74 49 64 
a6 41 31 33 34 33 44 a7 72 61 64 61 72 49 64 a3 32 30 30 a4 74 79 70 65 a4 43 37 37 52 ac 72 65 
67 69 73 74 72 61 74 69 6f 6e a6 4e 31 37 37 4c 57 a6 6f 72 69 67 69 6e a3 57 4a 46 ab 64 65 73 
74 69 6e 61 74 69 6f 6e a0 a6 66 6c 69 67 68 74 a0 a6 73 71 75 61 77 6b a4 34 36 34 32 a8 6c 61 
74 69 74 75 64 65 cb 40 41 0f a0 f9 09 6b ba a9 6c 6f 6e 67 69 74 75 64 65 cb c0 5d 7c 6e 6d 9b 
e4 cd a5 74 72 61 63 6b 6c a8 61 6c 74 69 74 75 64 65 cd 0c 80 a5 73 70 65 65 64 7e a8 6f 6e 47 
72 6f 75 6e 64 c2 a6 76 53 70 65 65 64 d1 fe 00 a8 63 61 6c 6c 73 69 67 6e a6 4e 31 37 37 4c 57 
aa 73 6f 75 72 63 65 54 79 70 65 b4 41 44 53 2d 42 20 46 52 32 34 20 72 65 63 65 69 76 65 72 73 
a3 65 74 61 c0 a9 70 61 69 6e 74 65 64 41 73 c0 de 00 15 a8 66 6c 69 67 68 74 49 64 a8 34 30 31 
63 33 38 61 36 a9 74 69 6d 65 73 74 61 6d 70 cf 00 00 01 9e ae 84 00 78 aa 61 69 72 63 72 61 66 
74 49 64 a6 41 37 43 44 43 46 a7 72 61 64 61 72 49 64 a3 32 30 30 a4 74 79 70 65 a4 42 45 37 36 
ac 72 65 67 69 73 74 72 61 74 69 6f 6e a6 4e 36 30 31 33 5a a6 6f 72 69 67 69 6e a0 ab 64 65 73 
74 69 6e 61 74 69 6f 6e a0 a6 66 6c 69 67 68 74 a0 a6 73 71 75 61 77 6b a4 30 30 30 30 a8 6c 61 
74 69 74 75 64 65 cb 40 41 12 6e 97 8d 4f df a9 6c 6f 6e 67 69 74 75 64 65 cb c0 5d 7b 29 b2 80 
f1 2c a5 74 72 61 63 6b cd 01 1d a8 61 6c 74 69 74 75 64 65 cd 21 98 a5 73 70 65 65 64 cc 9d a8 
6f 6e 47 72 6f 75 6e 64 c2 a6 76 53 70 65 65 64 00 a8 63 61 6c 6c 73 69 67 6e a6 4e 36 30 31 33 
5a aa 73 6f 75 72 63 65 54 79 70 65 a3 55 41 54 a3 65 74 61 c0 a9 70 61 69 6e 74 65 64 41 73 c0 
de 00 15 a8 66 6c 69 67 68 74 49 64 a8 34 30 31 61 61 33 64 39 a9 74 69 6d 65 73 74 61 6d 70 cf 
00 00 01 9e ae 84 04 60 aa 61 69 72 63 72 61 66 74 49 64 a6 30 30 30 31 39 39 a7 72 61 64 61 72 
49 64 a3 32 30 30 a4 74 79 70 65 a4 30 30 30 30 ac 72 65 67 69 73 74 72 61 74 69 6f 6e a8 30 30 
30 30 30 30 30 30 a6 6f 72 69 67 69 6e a0 ab 64 65 73 74 69 6e 61 74 69 6f 6e a0 a6 66 6c 69 67 
68 74 a0 a6 73 71 75 61 77 6b a4 34 34 35 33 a8 6c 61 74 69 74 75 64 65 cb 40 41 29 75 8e 21 96 
53 a9 6c 6f 6e 67 69 74 75 64 65 cb c0 5d 87 b1 07 74 68 88 a5 74 72 61 63 6b 12 a8 61 6c 74 69 
74 75 64 65 cd 1c 52 a5 73 70 65 65 64 04 a8 6f 6e 47 72 6f 75 6e 64 c2 a6 76 53 70 65 65 64 cd 
03 80 a8 63 61 6c 6c 73 69 67 6e a7 4e 53 4c 30 31 39 39 aa 73 6f 75 72 63 65 54 79 70 65 b4 41 
44 53 2d 42 20 46 52 32 34 20 72 65 63 65 69 76 65 72 73 a3 65 74 61 c0 a9 70 61 69 6e 74 65 64 
41 73 c0 de 00 15 a8 66 6c 69 67 68 74 49 64 a8 34 30 31 63 31 65 62 30 a9 74 69 6d 65 73 74 61 
6d 70 cf 00 00 01 9e ae 84 08 48 aa 61 69 72 63 72 61 66 74 49 64 a6 41 44 37 36 33 42 a7 72 61 
64 61 72 49 64 a3 32 30 30 a4 74 79 70 65 a4 41 32 30 4e ac 72 65 67 69 73 74 72 61 74 69 6f 6e 
a6 4e 39 36 37 41 56 a6 6f 72 69 67 69 6e a3 53 46 4f ab 64 65 73 74 69 6e 61 74 69 6f 6e a3 53 
41 4c a6 66 6c 69 67 68 74 a5 41 56 35 36 33 a6 73 71 75 61 77 6b a4 36 33 30 34 a8 6c 61 74 69 
74 75 64 65 cb 40 41 40 41 dd 1a 21 ea a9 6c 6f 6e 67 69 74 75 64 65 cb c0 5d 90 05 92 10 38 5c 
a5 74 72 61 63 6b cc 85 a8 61 6c 74 69 74 75 64 65 cd 88 d1 a5 73 70 65 65 64 cd 01 e1 a8 6f 6e 
47 72 6f 75 6e 64 c2 a6 76 53 70 65 65 64 00 a8 63 61 6c 6c 73 69 67 6e a6 54 41 49 35 36 33 aa 
73 6f 75 72 63 65 54 79 70 65 b4 41 44 53 2d 42 20 46 52 32 34 20 72 65 63 65 69 76 65 72 73 a3 
65 74 61 cf 00 00 01 9e af 7a 2c 00 a9 70 61 69 6e 74 65 64 41 73 a3 41 56 41 de 00 15 a8 66 6c 
69 67 68 74 49 64 a8 34 30 31 63 33 36 38 34 a9 74 69 6d 65 73 74 61 6d 70 cf 00 00 01 9e ae 84 
0c 30 aa 61 69 72 63 72 61 66 74 49 64 a6 41 31 36 31 31 33 a7 72 61 64 61 72 49 64 a3 32 30 30 
a4 74 79 70 65 a4 43 31 37 32 ac 72 65 67 69 73 74 72 61 74 69 6f 6e a6 4e 31 38 38 32 53 a6 6f 
72 69 67 69 6e a3 56 4e 59 ab 64 65 73 74 69 6e 61 74 69 6f 6e a0 a6 66 6c 69 67 68 74 a0 a6 73 
71 75 61 77 6b a4 31 32 30 30 a8 6c 61 74 69 74 75 64 65 cb 40 41 3f 65 fd 8a da ba a9 6c 6f 6e 
67 69 74 75 64 65 cb c0 5d 97 c2 65 6a bd e4 a5 74 72 61 63 6b cc b3 a8 61 6c 74 69 74 75 64 65 
cd 11 f8 a5 73 70 65 65 64 54 a8 6f 6e 47 72 6f 75 6e 64 c2 a6 76 53 70 65 65 64 cc 80 a8 63 61 
6c 6c 73 69 67 6e a6 4e 31 38 38 32 53 aa 73 6f 75 72 63 65 54 79 70 65 b4 41 44 53 2d 42 20 46 
52 32 34 20 72 65 63 65 69 76 65 72 73 a3 65 74 61 c0 a9 70 61 69 6e 74 65 64 41 73 c0 de 00 15 
a8 66 6c 69 67 68 74 49 64 a8 34 30 31 63 34 66 66 61 a9 74 69 6d 65 73 74 61 6d 70 cf 00 00 01 
9e ae 84 08 48 aa 61 69 72 63 72 61 66 74 49 64 a6 41 37 36 38 30 36 a7 72 61 64 61 72 49 64 a3 
32 30 30 a4 74 79 70 65 a4 50 32 38 41 ac 72 65 67 69 73 74 72 61 74 69 6f 6e a6 4e 35 37 36 37 
46 a6 6f 72 69 67 69 6e a3 57 48 50 ab 64 65 73 74 69 6e 61 74 69 6f 6e a0 a6 66 6c 69 67 68 74 
a0 a6 73 71 75 61 77 6b a4 30 30 30 30 a8 6c 61 74 69 74 75 64 65 cb 40 41 35 e8 e6 08 07 35 a9 
6c 6f 6e 67 69 74 75 64 65 cb c0 5d a5 24 f2 27 d0 29 a5 74 72 61 63 6b 79 a8 61 6c 74 69 74 75 
64 65 cd 10 68 a5 73 70 65 65 64 5d a8 6f 6e 47 72 6f 75 6e 64 c2 a6 76 53 70 65 65 64 cc c0 a8 
63 61 6c 6c 73 69 67 6e a6 4e 35 37 36 37 46 aa 73 6f 75 72 63 65 54 79 70 65 a3 55 41 54 a3 65 
74 61 c0 a9 70 61 69 6e 74 65 64 41 73 c0 de 00 15 a8 66 6c 69 67 68 74 49 64 a8 34 30 31 62 66 
37 32 32 a9 74 69 6d 65 73 74 61 6d 70 cf 00 00 01 9e ae 84 08 48 aa 61 69 72 63 72 61 66 74 49 
64 a6 41 37 45 43 33 34 a7 72 61 64 61 72 49 64 a3 32 30 30 a4 74 79 70 65 a4 43 33 31 30 ac 72 
65 67 69 73 74 72 61 74 69 6f 6e a6 4e 36 30 39 38 58 a6 6f 72 69 67 69 6e a3 57 48 50 ab 64 65 
73 74 69 6e 61 74 69 6f 6e a0 a6 66 6c 69 67 68 74 a0 a6 73 71 75 61 77 6b a4 34 37 34 34 a8 6c 
61 74 69 74 75 64 65 cb 40 41 3b bf 72 71 36 a4 a9 6c 6f 6e 67 69 74 75 64 65 cb c0 5d a7 78 03 
46 dc 5d a5 74 72 61 63 6b 59 a8 61 6c 74 69 74 75 64 65 cd 1a 90 a5 73 70 65 65 64 cc ad a8 6f 
6e 47 72 6f 75 6e 64 c2 a6 76 53 70 65 65 64 cc c0 a8 63 61 6c 6c 73 69 67 6e a6 4e 36 30 39 38 
58 aa 73 6f 75 72 63 65 54 79 70 65 b4 41 44 53 2d 42 20 46 52 32 34 20 72 65 63 65 69 76 65 72 
73 a3 65 74 61 c0 a9 70 61 69 6e 74 65 64 41 73 c0 de 00 15 a8 66 6c 69 67 68 74 49 64 a8 34 30 
31 63 33 33 31 63 a9 74 69 6d 65 73 74 61 6d 70 cf 00 00 01 9e ae 84 00 78 aa 61 69 72 63 72 61 
66 74 49 64 a6 41 31 42 38 44 31 a7 72 61 64 61 72 49 64 a4 35 30 30 30 a4 74 79 70 65 a4 43 31 
37 32 ac 72 65 67 69 73 74 72 61 74 69 6f 6e a5 4e 32 31 53 5a a6 6f 72 69 67 69 6e a3 57 48 50 
ab 64 65 73 74 69 6e 61 74 69 6f 6e a0 a6 66 6c 69 67 68 74 a0 a6 73 71 75 61 77 6b a4 30 30 30 
30 a8 6c 61 74 69 74 75 64 65 cb 40 41 38 03 ee a2 09 ab a9 6c 6f 6e 67 69 74 75 64 65 cb c0 5d 
a8 94 c4 47 c3 0d a5 74 72 61 63 6b cd 01 0a a8 61 6c 74 69 74 75 64 65 cd 0a 5a a5 73 70 65 65 
64 55 a8 6f 6e 47 72 6f 75 6e 64 c2 a6 76 53 70 65 65 64 d0 c0 a8 63 61 6c 6c 73 69 67 6e a5 4e 
32 31 53 5a aa 73 6f 75 72 63 65 54 79 70 65 b0 41 44 53 2d 42 20 56 6f 6c 75 6e 74 65 65 72 73 
a3 65 74 61 c0 a9 70 61 69 6e 74 65 64 41 73 c0 de 00 15 a8 66 6c 69 67 68 74 49 64 a8 34 30 31 
63 32 34 35 64 a9 74 69 6d 65 73 74 61 6d 70 cf 00 00 01 9e ae 84 0c 30 aa 61 69 72 63 72 61 66 
74 49 64 a6 41 30 35 33 43 42 a7 72 61 64 61 72 49 64 a3 32 30 30 a4 74 79 70 65 a4 42 45 35 35 
ac 72 65 67 69 73 74 72 61 74 69 6f 6e a5 4e 31 32 30 42 a6 6f 72 69 67 69 6e a3 56 4e 59 ab 64 
65 73 74 69 6e 61 74 69 6f 6e a0 a6 66 6c 69 67 68 74 a0 a6 73 71 75 61 77 6b a4 30 32 33 32 a8 
6c 61 74 69 74 75 64 65 cb 40 41 3c 42 84 df ce 31 a9 6c 6f 6e 67 69 74 75 64 65 cb c0 5d a6 76 
c8 b4 39 58 a5 74 72 61 63 6b cc 90 a8 61 6c 74 69 74 75 64 65 cd 0e 8d a5 73 70 65 65 64 cc 90 
a8 6f 6e 47 72 6f 75 6e 64 c2 a6 76 53 70 65 65 64 d1 ff 00 a8 63 61 6c 6c 73 69 67 6e a5 4e 31 
32 30 42 aa 73 6f 75 72 63 65 54 79 70 65 b4 41 44 53 2d 42 20 46 52 32 34 20 72 65 63 65 69 76 
65 72 73 a3 65 74 61 c0 a9 70 61 69 6e 74 65 64 41 73 c0 de 00 15 a8 66 6c 69 67 68 74 49 64 a8 
34 30 31 62 38 30 31 62 a9 74 69 6d 65 73 74 61 6d 70 cf 00 00 01 9e ae 84 0c 30 aa 61 69 72 63 
72 61 66 74 49 64 a6 41 45 36 38 37 32 a7 72 61 64 61 72 49 64 a4 37 37 34 32 a4 74 79 70 65 a2 
50 38 ac 72 65 67 69 73 74 72 61 74 69 6f 6e a0 a6 6f 72 69 67 69 6e a3 4e 55 57 ab 64 65 73 74 
69 6e 61 74 69 6f 6e a0 a6 66 6c 69 67 68 74 a0 a6 73 71 75 61 77 6b a4 31 33 33 35 a8 6c 61 74 
69 74 75 64 65 cb 40 41 34 63 f1 41 20 5c a9 6c 6f 6e 67 69 74 75 64 65 cb c0 5d a1 d6 62 77 c4 
5d a5 74 72 61 63 6b cd 01 5c a8 61 6c 74 69 74 75 64 65 cd 6c 7f a5 73 70 65 65 64 cd 01 a9 a8 
6f 6e 47 72 6f 75 6e 64 c2 a6 76 53 70 65 65 64 cd 06 80 a8 63 61 6c 6c 73 69 67 6e a0 aa 73 6f 
75 72 63 65 54 79 70 65 a4 4d 4c 41 54 a3 65 74 61 c0 a9 70 61 69 6e 74 65 64 41 73 c0 de 00 15 
a8 66 6c 69 67 68 74 49 64 a8 34 30 31 63 33 65 62 38 a9 74 69 6d 65 73 74 61 6d 70 cf 00 00 01 
9e ae 84 04 60 aa 61 69 72 63 72 61 66 74 49 64 a6 41 42 34 32 32 31 a7 72 61 64 61 72 49 64 a3 
32 30 30 a4 74 79 70 65 a4 42 45 33 33 ac 72 65 67 69 73 74 72 61 74 69 6f 6e a6 4e 38 32 34 30 
54 a6 6f 72 69 67 69 6e a3 56 4e 59 ab 64 65 73 74 69 6e 61 74 69 6f 6e a0 a6 66 6c 69 67 68 74 
a0 a6 73 71 75 61 77 6b a4 30 32 37 31 a8 6c 61 74 69 74 75 64 65 cb 40 41 21 6f fc 11 5d f6 a9 
6c 6f 6e 67 69 74 75 64 65 cb c0 5d b5 08 1c 2e 33 f0 a5 74 72 61 63 6b cc 9f a8 61 6c 74 69 74 
75 64 65 cd 0b 54 a5 73 70 65 65 64 7e a8 6f 6e 47 72 6f 75 6e 64 c2 a6 76 53 70 65 65 64 cd 04 
00 a8 63 61 6c 6c 73 69 67 6e a6 4e 38 32 34 30 54 aa 73 6f 75 72 63 65 54 79 70 65 b4 41 44 53 
2d 42 20 46 52 32 34 20 72 65 63 65 69 76 65 72 73 a3 65 74 61 c0 a9 70 61 69 6e 74 65 64 41 73 
c0 de 00 15 a8 66 6c 69 67 68 74 49 64 a8 34 30 31 63 32 35 37 65 a9 74 69 6d 65 73 74 61 6d 70 
cf 00 00 01 9e ae 84 00 78 aa 61 69 72 63 72 61 66 74 49 64 a6 41 37 44 30 37 39 a7 72 61 64 61 
72 49 64 a3 32 30 30 a4 74 79 70 65 a4 53 52 32 32 ac 72 65 67 69 73 74 72 61 74 69 6f 6e a6 4e 
36 30 32 55 4b a6 6f 72 69 67 69 6e a3 43 4c 44 ab 64 65 73 74 69 6e 61 74 69 6f 6e a0 a6 66 6c 
69 67 68 74 a0 a6 73 71 75 61 77 6b a4 34 37 34 35 a8 6c 61 74 69 74 75 64 65 cb 40 41 1c 1e 25 
84 f4 c7 a9 6c 6f 6e 67 69 74 75 64 65 cb c0 5d bb 86 98 35 15 8c a5 74 72 61 63 6b cd 01 0b a8 
61 6c 74 69 74 75 64 65 cd 0b d1 a5 73 70 65 65 64 cc a5 a8 6f 6e 47 72 6f 75 6e 64 c2 a6 76 53 
70 65 65 64 d1 fc 40 a8 63 61 6c 6c 73 69 67 6e a6 4e 36 30 32 55 4b aa 73 6f 75 72 63 65 54 79 
70 65 b4 41 44 53 2d 42 20 46 52 32 34 20 72 65 63 65 69 76 65 72 73 a3 65 74 61 c0 a9 70 61 69 
6e 74 65 64 41 73 c0 de 00 15 a8 66 6c 69 67 68 74 49 64 a8 34 30 31 63 33 34 65 38 a9 74 69 6d 
65 73 74 61 6d 70 cf 00 00 01 9e ae 84 08 48 aa 61 69 72 63 72 61 66 74 49 64 a6 41 38 39 35 34 
35 a7 72 61 64 61 72 49 64 a3 32 30 30 a4 74 79 70 65 a4 45 37 35 4c ac 72 65 67 69 73 74 72 61 
74 69 6f 6e a6 4e 36 35 32 4d 4b a6 6f 72 69 67 69 6e a3 4d 52 59 ab 64 65 73 74 69 6e 61 74 69 
6f 6e a3 53 41 4e a6 66 6c 69 67 68 74 a6 41 53 32 33 34 34 a6 73 71 75 61 77 6b a4 33 33 34 30 
a8 6c 61 74 69 74 75 64 65 cb 40 41 1a 5d 8d 79 d0 a6 a9 6c 6f 6e 67 69 74 75 64 65 cb c0 5d b7 
96 d0 91 7d 6b a5 74 72 61 63 6b 7e a8 61 6c 74 69 74 75 64 65 cd 71 48 a5 73 70 65 65 64 cd 01 
dd a8 6f 6e 47 72 6f 75 6e 64 c2 a6 76 53 70 65 65 64 40 a8 63 61 6c 6c 73 69 67 6e a7 51 58 45 
32 33 34 34 aa 73 6f 75 72 63 65 54 79 70 65 b4 41 44 53 2d 42 20 46 52 32 34 20 72 65 63 65 69 
76 65 72 73 a3 65 74 61 cf 00 00 01 9e ae 9d 78 00 a9 70 61 69 6e 74 65 64 41 73 a3 41 53 41 de 
00 15 a8 66 6c 69 67 68 74 49 64 a8 34 30 31 61 33 32 32 35 a9 74 69 6d 65 73 74 61 6d 70 cf 00 
00 01 9e ae 84 0c 30 aa 61 69 72 63 72 61 66 74 49 64 a6 41 32 41 33 44 32 a7 72 61 64 61 72 49 
64 a3 32 30 30 a4 74 79 70 65 a4 42 37 38 39 ac 72 65 67 69 73 74 72 61 74 69 6f 6e a6 4e 32 36 
39 37 30 a6 6f 72 69 67 69 6e a3 4c 48 52 ab 64 65 73 74 69 6e 61 74 69 6f 6e a3 4c 41 58 a6 66 
6c 69 67 68 74 a5 55 41 39 33 35 a6 73 71 75 61 77 6b a4 31 33 36 32 a8 6c 61 74 69 74 75 64 65 
cb 40 41 1d 82 fd 75 e2 04 a9 6c 6f 6e 67 69 74 75 64 65 cb c0 5d b7 c0 c1 fc 8f 32 a5 74 72 61 
63 6b cc 8e a8 61 6c 74 69 74 75 64 65 cd 30 89 a5 73 70 65 65 64 cd 01 6b a8 6f 6e 47 72 6f 75 
6e 64 c2 a6 76 53 70 65 65 64 d1 fe 00 a8 63 61 6c 6c 73 69 67 6e a6 55 41 4c 39 33 35 aa 73 6f 
75 72 63 65 54 79 70 65 b4 41 44 53 2d 42 20 46 52 32 34 20 72 65 63 65 69 76 65 72 73 a3 65 74 
61 cf 00 00 01 9e ae 8f 6e 40 a9 70 61 69 6e 74 65 64 41 73 a3 55 41 4c de 00 15 a8 66 6c 69 67 
68 74 49 64 a8 34 30 31 63 34 34 62 32 a9 74 69 6d 65 73 74 61 6d 70 cf 00 00 01 9e ae 84 08 48 
aa 61 69 72 63 72 61 66 74 49 64 a6 41 41 32 45 35 31 a7 72 61 64 61 72 49 64 a3 32 30 30 a4 74 
79 70 65 a4 53 32 32 54 ac 72 65 67 69 73 74 72 61 74 69 6f 6e a6 4e 37 35 35 54 4d a6 6f 72 69 
67 69 6e a3 51 54 43 ab 64 65 73 74 69 6e 61 74 69 6f 6e a3 46 55 4c a6 66 6c 69 67 68 74 a0 a6 
73 71 75 61 77 6b a4 34 37 35 35 a8 6c 61 74 69 74 75 64 65 cb 40 41 27 3a bc 94 70 65 a9 6c 6f 
6e 67 69 74 75 64 65 cb c0 5d be 69 59 5f ed a6 a5 74 72 61 63 6b 52 a8 61 6c 74 69 74 75 64 65 
cd 13 ba a5 73 70 65 65 64 cc a9 a8 6f 6e 47 72 6f 75 6e 64 c2 a6 76 53 70 65 65 64 00 a8 63 61 
6c 6c 73 69 67 6e a6 4e 37 35 35 54 4d aa 73 6f 75 72 63 65 54 79 70 65 b4 41 44 53 2d 42 20 46 
52 32 34 20 72 65 63 65 69 76 65 72 73 a3 65 74 61 cf 00 00 01 9e ae a1 fc 40 a9 70 61 69 6e 74 
65 64 41 73 c0 de 00 15 a8 66 6c 69 67 68 74 49 64 a8 34 30 31 63 34 34 36 65 a9 74 69 6d 65 73 
74 61 6d 70 cf 00 00 01 9e ae 84 04 60 aa 61 69 72 63 72 61 66 74 49 64 a6 41 31 33 38 38 43 a7 
72 61 64 61 72 49 64 a3 32 30 30 a4 74 79 70 65 a4 45 37 35 4c ac 72 65 67 69 73 74 72 61 74 69 
6f 6e a6 4e 31 37 38 53 59 a6 6f 72 69 67 69 6e a3 53 4e 41 ab 64 65 73 74 69 6e 61 74 69 6f 6e 
a3 53 46 4f a6 66 6c 69 67 68 74 a6 41 53 33 34 30 34 a6 73 71 75 61 77 6b a4 36 37 33 30 a8 6c 
61 74 69 74 75 64 65 cb 40 40 f3 d4 6b 26 bf 87 a9 6c 6f 6e 67 69 74 75 64 65 cb c0 5d bd f1 6b 
11 c6 d2 a5 74 72 61 63 6b cd 01 3d a8 61 6c 74 69 74 75 64 65 cd 5e 88 a5 73 70 65 65 64 cd 01 
79 a8 6f 6e 47 72 6f 75 6e 64 c2 a6 76 53 70 65 65 64 cd 04 c0 a8 63 61 6c 6c 73 69 67 6e a7 53 
4b 57 33 34 30 34 aa 73 6f 75 72 63 65 54 79 70 65 b4 41 44 53 2d 42 20 46 52 32 34 20 72 65 63 
65 69 76 65 72 73 a3 65 74 61 cf 00 00 01 9e ae b4 e8 00 a9 70 61 69 6e 74 65 64 41 73 a3 41 53 
41 de 00 15 a8 66 6c 69 67 68 74 49 64 a8 34 30 31 63 32 66 32 39 a9 74 69 6d 65 73 74 61 6d 70 
cf 00 00 01 9e ae 84 04 60 aa 61 69 72 63 72 61 66 74 49 64 a6 41 32 36 30 35 42 a7 72 61 64 61 
72 49 64 a3 32 30 30 a4 74 79 70 65 a4 43 4c 36 30 ac 72 65 67 69 73 74 72 61 74 69 6f 6e a6 4e 
32 35 32 51 53 a6 6f 72 69 67 69 6e a3 53 4a 43 ab 64 65 73 74 69 6e 61 74 69 6f 6e a0 a6 66 6c 
69 67 68 74 a0 a6 73 71 75 61 77 6b a4 33 36 33 32 a8 6c 61 74 69 74 75 64 65 cb 40 40 cd 8f 71 
21 ab 4b a9 6c 6f 6e 67 69 74 75 64 65 cb c0 5d 87 01 64 84 0e 17 a5 74 72 61 63 6b 38 a8 61 6c 
74 69 74 75 64 65 cd 13 a1 a5 73 70 65 65 64 cc e1 a8 6f 6e 47 72 6f 75 6e 64 c2 a6 76 53 70 65 
65 64 d0 c0 a8 63 61 6c 6c 73 69 67 6e a6 45 4a 41 32 35 32 aa 73 6f 75 72 63 65 54 79 70 65 b4 
41 44 53 2d 42 20 46 52 32 34 20 72 65 63 65 69 76 65 72 73 a3 65 74 61 c0 a9 70 61 69 6e 74 65 
64 41 73 a3 45 4a 41 de 00 15 a8 66 6c 69 67 68 74 49 64 a8 34 30 31 62 63 66 64 65 a9 74 69 6d 
65 73 74 61 6d 70 cf 00 00 01 9e ae 84 00 78 aa 61 69 72 63 72 61 66 74 49 64 a6 41 32 31 33 44 
30 a7 72 61 64 61 72 49 64 a3 32 30 30 a4 74 79 70 65 a4 53 46 35 30 ac 72 65 67 69 73 74 72 61 
74 69 6f 6e a6 4e 32 33 33 42 54 a6 6f 72 69 67 69 6e a3 53 4e 41 ab 64 65 73 74 69 6e 61 74 69 
6f 6e a0 a6 66 6c 69 67 68 74 a0 a6 73 71 75 61 77 6b a4 34 37 35 36 a8 6c 61 74 69 74 75 64 65 
cb 40 40 d6 41 b3 28 b6 d8 a9 6c 6f 6e 67 69 74 75 64 65 cb c0 5d 77 db a0 a5 26 96 a5 74 72 61 
63 6b cd 01 19 a8 61 6c 74 69 74 75 64 65 00 a5 73 70 65 65 64 00 a8 6f 6e 47 72 6f 75 6e 64 c3 
a6 76 53 70 65 65 64 00 a8 63 61 6c 6c 73 69 67 6e a6 4e 32 33 33 42 54 aa 73 6f 75 72 63 65 54 
79 70 65 b4 41 44 53 2d 42 20 46 52 32 34 20 72 65 63 65 69 76 65 72 73 a3 65 74 61 c0 a9 70 61 
69 6e 74 65 64 41 73 c0 de 00 15 a8 66 6c 69 67 68 74 49 64 a8 34 30 31 62 61 37 62 66 a9 74 69 
6d 65 73 74 61 6d 70 cf 00 00 01 9e ae 84 04 60 aa 61 69 72 63 72 61 66 74 49 64 a6 41 36 32 34 
34 37 a7 72 61 64 61 72 49 64 a3 32 30 30 a4 74 79 70 65 a4 43 4c 36 30 ac 72 65 67 69 73 74 72 
61 74 69 6f 6e a6 4e 34 39 35 53 4d a6 6f 72 69 67 69 6e a3 43 4c 44 ab 64 65 73 74 69 6e 61 74 
69 6f 6e a3 53 4e 41 a6 66 6c 69 67 68 74 a0 a6 73 71 75 61 77 6b a4 34 37 36 34 a8 6c 61 74 69 
74 75 64 65 cb 40 40 d5 f2 ba 9d 1f 60 a9 6c 6f 6e 67 69 74 75 64 65 cb c0 5d 77 86 6e 43 aa 7a 
a5 74 72 61 63 6b cc ff a8 61 6c 74 69 74 75 64 65 00 a5 73 70 65 65 64 00 a8 6f 6e 47 72 6f 75 
6e 64 c3 a6 76 53 70 65 65 64 00 a8 63 61 6c 6c 73 69 67 6e a6 4e 34 39 35 53 4d aa 73 6f 75 72 
63 65 54 79 70 65 b4 41 44 53 2d 42 20 46 52 32 34 20 72 65 63 65 69 76 65 72 73 a3 65 74 61 cf 
00 00 01 9e ae 02 80 20 a9 70 61 69 6e 74 65 64 41 73 c0 de 00 15 a8 66 6c 69 67 68 74 49 64 a8 
34 30 31 62 65 64 64 38 a9 74 69 6d 65 73 74 61 6d 70 cf 00 00 01 9e ae 84 08 48 aa 61 69 72 63 
72 61 66 74 49 64 a6 41 42 46 42 37 43 a7 72 61 64 61 72 49 64 a3 32 30 30 a4 74 79 70 65 a4 43 
37 30 30 ac 72 65 67 69 73 74 72 61 74 69 6f 6e a6 4e 38 37 31 51 53 a6 6f 72 69 67 69 6e a3 52 
4e 4f ab 64 65 73 74 69 6e 61 74 69 6f 6e a3 54 55 53 a6 66 6c 69 67 68 74 a6 45 4a 41 38 37 31 
a6 73 71 75 61 77 6b a4 32 34 33 33 a8 6c 61 74 69 74 75 64 65 cb 40 40 d5 ed d0 52 93 4b a9 6c 
6f 6e 67 69 74 75 64 65 cb c0 5d 77 82 2b be ca ac a5 74 72 61 63 6b cc d0 a8 61 6c 74 69 74 75 
64 65 00 a5 73 70 65 65 64 00 a8 6f 6e 47 72 6f 75 6e 64 c3 a6 76 53 70 65 65 64 00 a8 63 61 6c 
6c 73 69 67 6e a6 45 4a 41 38 37 31 aa 73 6f 75 72 63 65 54 79 70 65 b4 41 44 53 2d 42 20 46 52 
32 34 20 72 65 63 65 69 76 65 72 73 a3 65 74 61 cf 00 00 01 9e ae 74 c2 20 a9 70 61 69 6e 74 65 
64 41 73 a3 45 4a 41 de 00 15 a8 66 6c 69 67 68 74 49 64 a8 34 30 31 63 32 62 35 37 a9 74 69 6d 
65 73 74 61 6d 70 cf 00 00 01 9e ae 84 08 48 aa 61 69 72 63 72 61 66 74 49 64 a6 41 42 30 37 31 
35 a7 72 61 64 61 72 49 64 a3 32 30 30 a4 74 79 70 65 a4 53 52 32 30 ac 72 65 67 69 73 74 72 61 
74 69 6f 6e a5 4e 38 31 41 54 a6 6f 72 69 67 69 6e a3 53 4e 41 ab 64 65 73 74 69 6e 61 74 69 6f 
6e a0 a6 66 6c 69 67 68 74 a0 a6 73 71 75 61 77 6b a4 30 32 31 32 a8 6c 61 74 69 74 75 64 65 cb 
40 40 d0 9e 98 dc db 38 a9 6c 6f 6e 67 69 74 75 64 65 cb c0 5d 77 37 f3 8c 54 37 a5 74 72 61 63 
6b cc a0 a8 61 6c 74 69 74 75 64 65 cd 05 91 a5 73 70 65 65 64 62 a8 6f 6e 47 72 6f 75 6e 64 c2 
a6 76 53 70 65 65 64 cd 02 40 a8 63 61 6c 6c 73 69 67 6e a5 4e 38 31 41 54 aa 73 6f 75 72 63 65 
54 79 70 65 b4 41 44 53 2d 42 20 46 52 32 34 20 72 65 63 65 69 76 65 72 73 a3 65 74 61 c0 a9 70 
61 69 6e 74 65 64 41 73 c0 de 00 15 a8 66 6c 69 67 68 74 49 64 a8 34 30 31 63 33 62 62 39 a9 74 
69 6d 65 73 74 61 6d 70 cf 00 00 01 9e ae 84 08 48 aa 61 69 72 63 72 61 66 74 49 64 a6 41 43 34 
38 31 44 a7 72 61 64 61 72 49 64 a3 32 30 30 a4 74 79 70 65 a4 42 33 38 4d ac 72 65 67 69 73 74 
72 61 74 69 6f 6e a6 4e 38 39 30 33 48 a6 6f 72 69 67 69 6e a3 53 4e 41 ab 64 65 73 74 69 6e 61 
74 69 6f 6e a3 44 45 4e a6 66 6c 69 67 68 74 a5 57 4e 39 36 38 a6 73 71 75 61 77 6b a4 32 34 34 
31 a8 6c 61 74 69 74 75 64 65 cb 40 40 c6 e7 81 83 f9 1e a9 6c 6f 6e 67 69 74 75 64 65 cb c0 5d 
7a e7 d5 66 cf 42 a5 74 72 61 63 6b cc d9 a8 61 6c 74 69 74 75 64 65 cd 10 fe a5 73 70 65 65 64 
cc f2 a8 6f 6e 47 72 6f 75 6e 64 c2 a6 76 53 70 65 65 64 cd 0f 40 a8 63 61 6c 6c 73 69 67 6e a6 
53 57 41 39 36 38 aa 73 6f 75 72 63 65 54 79 70 65 b4 41 44 53 2d 42 20 46 52 32 34 20 72 65 63 
65 69 76 65 72 73 a3 65 74 61 c0 a9 70 61 69 6e 74 65 64 41 73 a3 53 57 41 de 00 15 a8 66 6c 69 
67 68 74 49 64 a8 34 30 31 63 33 63 32 35 a9 74 69 6d 65 73 74 61 6d 70 cf 00 00 01 9e ae 84 08 
48 aa 61 69 72 63 72 61 66 74 49 64 a6 41 37 44 45 31 43 a7 72 61 64 61 72 49 64 a3 32 30 30 a4 
74 79 70 65 a4 45 35 35 30 ac 72 65 67 69 73 74 72 61 74 69 6f 6e a6 4e 36 30 36 46 58 a6 6f 72 
69 67 69 6e a3 53 4e 41 ab 64 65 73 74 69 6e 61 74 69 6f 6e a3 54 4b 46 a6 66 6c 69 67 68 74 a6 
4c 58 4a 36 30 36 a6 73 71 75 61 77 6b a4 32 30 35 33 a8 6c 61 74 69 74 75 64 65 cb 40 40 d6 7e 
f9 db 22 d1 a9 6c 6f 6e 67 69 74 75 64 65 cb c0 5d 77 bd f8 f4 73 04 a5 74 72 61 63 6b cc a8 a8 
61 6c 74 69 74 75 64 65 00 a5 73 70 65 65 64 00 a8 6f 6e 47 72 6f 75 6e 64 c3 a6 76 53 70 65 65 
64 00 a8 63 61 6c 6c 73 69 67 6e a6 4c 58 4a 36 30 36 aa 73 6f 75 72 63 65 54 79 70 65 b4 41 44 
53 2d 42 20 46 52 32 34 20 72 65 63 65 69 76 65 72 73 a3 65 74 61 c0 a9 70 61 69 6e 74 65 64 41 
73 a3 4c 58 4a de 00 15 a8 66 6c 69 67 68 74 49 64 a8 34 30 31 62 62 64 38 64 a9 74 69 6d 65 73 
74 61 6d 70 cf 00 00 01 9e ae 84 04 60 aa 61 69 72 63 72 61 66 74 49 64 a6 41 34 43 45 41 33 a7 
72 61 64 61 72 49 64 a3 32 30 30 a4 74 79 70 65 a4 45 35 34 35 ac 72 65 67 69 73 74 72 61 74 69 
6f 6e a6 4e 34 30 39 46 58 a6 6f 72 69 67 69 6e a3 53 4c 43 ab 64 65 73 74 69 6e 61 74 69 6f 6e 
a3 53 4e 41 a6 66 6c 69 67 68 74 a6 4c 58 4a 34 30 39 a6 73 71 75 61 77 6b a4 36 30 31 32 a8 6c 
61 74 69 74 75 64 65 cb 40 40 d6 71 de 69 ad 43 a9 6c 6f 6e 67 69 74 75 64 65 cb c0 5d 77 c2 65 
6a bd e4 a5 74 72 61 63 6b cc ab a8 61 6c 74 69 74 75 64 65 00 a5 73 70 65 65 64 00 a8 6f 6e 47 
72 6f 75 6e 64 c3 a6 76 53 70 65 65 64 00 a8 63 61 6c 6c 73 69 67 6e a6 4c 58 4a 34 30 39 aa 73 
6f 75 72 63 65 54 79 70 65 b4 41 44 53 2d 42 20 46 52 32 34 20 72 65 63 65 69 76 65 72 73 a3 65 
74 61 cf 00 00 01 9e ae 62 82 40 a9 70 61 69 6e 74 65 64 41 73 a3 4c 58 4a de 00 15 a8 66 6c 69 
67 68 74 49 64 a8 34 30 31 63 34 61 64 39 a9 74 69 6d 65 73 74 61 6d 70 cf 00 00 01 9e ae 83 cd 
b0 aa 61 69 72 63 72 61 66 74 49 64 a6 41 32 35 31 46 43 a7 72 61 64 61 72 49 64 a3 32 30 30 a4 
74 79 70 65 a4 43 31 37 32 ac 72 65 67 69 73 74 72 61 74 69 6f 6e a6 4e 32 34 39 46 53 a6 6f 72 
69 67 69 6e a3 53 4e 41 ab 64 65 73 74 69 6e 61 74 69 6f 6e a0 a6 66 6c 69 67 68 74 a0 a6 73 71 
75 61 77 6b a4 30 32 30 37 a8 6c 61 74 69 74 75 64 65 cb 40 40 d6 33 48 2b e8 bc a9 6c 6f 6e 67 
69 74 75 64 65 cb c0 5d 77 85 72 9b 28 0f a5 74 72 61 63 6b 2d a8 61 6c 74 69 74 75 64 65 00 a5 
73 70 65 65 64 00 a8 6f 6e 47 72 6f 75 6e 64 c3 a6 76 53 70 65 65 64 00 a8 63 61 6c 6c 73 69 67 
6e a6 4e 32 34 39 46 53 aa 73 6f 75 72 63 65 54 79 70 65 b4 41 44 53 2d 42 20 46 52 32 34 20 72 
65 63 65 69 76 65 72 73 a3 65 74 61 c0 a9 70 61 69 6e 74 65 64 41 73 c0 de 00 15 a8 66 6c 69 67 
68 74 49 64 a8 34 30 31 63 34 63 65 61 a9 74 69 6d 65 73 74 61 6d 70 cf 00 00 01 9e ae 84 08 48 
aa 61 69 72 63 72 61 66 74 49 64 a6 41 30 41 30 34 36 a7 72 61 64 61 72 49 64 a3 32 30 30 a4 74 
79 70 65 a4 43 31 37 32 ac 72 65 67 69 73 74 72 61 74 69 6f 6e a6 4e 31 33 39 39 55 a6 6f 72 69 
67 69 6e a3 53 4e 41 ab 64 65 73 74 69 6e 61 74 69 6f 6e a0 a6 66 6c 69 67 68 74 a0 a6 73 71 75 
61 77 6b a4 30 32 30 35 a8 6c 61 74 69 74 75 64 65 cb 40 40 d6 96 e5 8a 32 f4 a9 6c 6f 6e 67 69 
74 75 64 65 cb c0 5d 77 a3 98 20 1c d6 a5 74 72 61 63 6b 5a a8 61 6c 74 69 74 75 64 65 00 a5 73 
70 65 65 64 00 a8 6f 6e 47 72 6f 75 6e 64 c3 a6 76 53 70 65 65 64 00 a8 63 61 6c 6c 73 69 67 6e 
a6 4e 31 33 39 39 55 aa 73 6f 75 72 63 65 54 79 70 65 b4 41 44 53 2d 42 20 46 52 32 34 20 72 65 
63 65 69 76 65 72 73 a3 65 74 61 c0 a9 70 61 69 6e 74 65 64 41 73 c0 de 00 15 a8 66 6c 69 67 68 
74 49 64 a8 34 30 31 63 34 64 35 39 a9 74 69 6d 65 73 74 61 6d 70 cf 00 00 01 9e ae 83 fc 90 aa 
61 69 72 63 72 61 66 74 49 64 a6 41 33 42 31 38 36 a7 72 61 64 61 72 49 64 a4 35 30 30 30 a4 74 
79 70 65 a4 42 33 38 4d ac 72 65 67 69 73 74 72 61 74 69 6f 6e a6 4e 33 33 37 54 4e a6 6f 72 69 
67 69 6e a3 53 4e 41 ab 64 65 73 74 69 6e 61 74 69 6f 6e a3 4f 52 44 a6 66 6c 69 67 68 74 a6 41 
41 32 36 34 30 a6 73 71 75 61 77 6b a4 31 33 31 31 a8 6c 61 74 69 74 75 64 65 cb 40 40 d7 20 85 
b1 85 49 a9 6c 6f 6e 67 69 74 75 64 65 cb c0 5d 77 22 29 1f b3 fa a5 74 72 61 63 6b cc 89 a8 61 
6c 74 69 74 75 64 65 00 a5 73 70 65 65 64 00 a8 6f 6e 47 72 6f 75 6e 64 c3 a6 76 53 70 65 65 64 
00 a8 63 61 6c 6c 73 69 67 6e a7 41 41 4c 32 36 34 30 aa 73 6f 75 72 63 65 54 79 70 65 b0 41 44 
53 2d 42 20 56 6f 6c 75 6e 74 65 65 72 73 a3 65 74 61 c0 a9 70 61 69 6e 74 65 64 41 73 a3 41 41 
4c de 00 15 a8 66 6c 69 67 68 74 49 64 a8 34 30 31 63 35 30 32 35 a9 74 69 6d 65 73 74 61 6d 70 
cf 00 00 01 9e ae 84 04 60 aa 61 69 72 63 72 61 66 74 49 64 a6 41 37 34 43 33 35 a7 72 61 64 61 
72 49 64 a3 32 30 30 a4 74 79 70 65 a4 43 31 37 32 ac 72 65 67 69 73 74 72 61 74 69 6f 6e a5 4e 
35 37 42 4d a6 6f 72 69 67 69 6e a3 53 4e 41 ab 64 65 73 74 69 6e 61 74 69 6f 6e a0 a6 66 6c 69 
67 68 74 a0 a6 73 71 75 61 77 6b a4 31 32 30 30 a8 6c 61 74 69 74 75 64 65 cb 40 40 d7 07 9e 59 
f2 bb a9 6c 6f 6e 67 69 74 75 64 65 cb c0 5d 77 44 91 29 88 90 a5 74 72 61 63 6b cd 01 62 a8 61 
6c 74 69 74 75 64 65 00 a5 73 70 65 65 64 06 a8 6f 6e 47 72 6f 75 6e 64 c3 a6 76 53 70 65 65 64 
00 a8 63 61 6c 6c 73 69 67 6e a5 4e 35 37 42 4d aa 73 6f 75 72 63 65 54 79 70 65 b4 41 44 53 2d 
42 20 46 52 32 34 20 72 65 63 65 69 76 65 72 73 a3 65 74 61 c0 a9 70 61 69 6e 74 65 64 41 73 c0 
de 00 15 a8 66 6c 69 67 68 74 49 64 a8 34 30 31 62 62 30 39 39 a9 74 69 6d 65 73 74 61 6d 70 cf 
00 00 01 9e ae 84 0c 30 aa 61 69 72 63 72 61 66 74 49 64 a6 41 34 30 30 38 45 a7 72 61 64 61 72 
49 64 a3 32 30 30 a4 74 79 70 65 a4 42 33 38 4d ac 72 65 67 69 73 74 72 61 74 69 6f 6e a6 4e 33 
35 37 54 59 a6 6f 72 69 67 69 6e a3 44 46 57 ab 64 65 73 74 69 6e 61 74 69 6f 6e a3 53 4e 41 a6 
66 6c 69 67 68 74 a6 41 41 32 36 38 38 a6 73 71 75 61 77 6b a4 32 33 34 35 a8 6c 61 74 69 74 75 
64 65 cb 40 40 d6 48 e8 a7 1d e7 a9 6c 6f 6e 67 69 74 75 64 65 cb c0 5d 77 67 f4 db df 8f a5 74 
72 61 63 6b 1c a8 61 6c 74 69 74 75 64 65 00 a5 73 70 65 65 64 00 a8 6f 6e 47 72 6f 75 6e 64 c3 
a6 76 53 70 65 65 64 00 a8 63 61 6c 6c 73 69 67 6e a7 41 41 4c 32 36 38 38 aa 73 6f 75 72 63 65 
54 79 70 65 b4 41 44 53 2d 42 20 46 52 32 34 20 72 65 63 65 69 76 65 72 73 a3 65 74 61 cf 00 00 
01 9e ae 7c 5f 58 a9 70 61 69 6e 74 65 64 41 73 a3 41 41 4c de 00 15 a8 66 6c 69 67 68 74 49 64 
a8 34 30 31 63 35 31 39 37 a9 74 69 6d 65 73 74 61 6d 70 cf 00 00 01 9e ae 84 04 60 aa 61 69 72 
63 72 61 66 74 49 64 a6 41 43 35 37 34 36 a7 72 61 64 61 72 49 64 a3 32 30 30 a4 74 79 70 65 a4 
42 33 38 4d ac 72 65 67 69 73 74 72 61 74 69 6f 6e a6 4e 38 39 34 35 51 a6 6f 72 69 67 69 6e a3 
53 4e 41 ab 64 65 73 74 69 6e 61 74 69 6f 6e a3 50 48 58 a6 66 6c 69 67 68 74 a6 57 4e 34 35 31 
34 a6 73 71 75 61 77 6b a4 37 32 33 37 a8 6c 61 74 69 74 75 64 65 cb 40 40 d6 b8 f9 b1 31 66 a9 
6c 6f 6e 67 69 74 75 64 65 cb c0 5d 77 41 f2 12 d7 73 a5 74 72 61 63 6b 76 a8 61 6c 74 69 74 75 
64 65 00 a5 73 70 65 65 64 00 a8 6f 6e 47 72 6f 75 6e 64 c3 a6 76 53 70 65 65 64 00 a8 63 61 6c 
6c 73 69 67 6e a7 53 57 41 34 35 31 34 aa 73 6f 75 72 63 65 54 79 70 65 b4 41 44 53 2d 42 20 46 
52 32 34 20 72 65 63 65 69 76 65 72 73 a3 65 74 61 c0 a9 70 61 69 6e 74 65 64 41 73 a3 53 57 41 
de 00 15 a8 66 6c 69 67 68 74 49 64 a8 34 30 31 63 35 31 66 39 a9 74 69 6d 65 73 74 61 6d 70 cf 
00 00 01 9e ae 84 08 48 aa 61 69 72 63 72 61 66 74 49 64 a6 41 36 42 41 38 32 a7 72 61 64 61 72 
49 64 a3 32 30 30 a4 74 79 70 65 a4 50 32 38 41 ac 72 65 67 69 73 74 72 61 74 69 6f 6e a6 4e 35 
33 32 32 4a a6 6f 72 69 67 69 6e a3 53 4e 41 ab 64 65 73 74 69 6e 61 74 69 6f 6e a0 a6 66 6c 69 
67 68 74 a0 a6 73 71 75 61 77 6b a4 30 32 34 34 a8 6c 61 74 69 74 75 64 65 cb 40 40 d6 a3 05 53 
26 18 a9 6c 6f 6e 67 69 74 75 64 65 cb c0 5d 77 9f fd 60 e9 4f a5 74 72 61 63 6b 7e a8 61 6c 74 
69 74 75 64 65 00 a5 73 70 65 65 64 01 a8 6f 6e 47 72 6f 75 6e 64 c3 a6 76 53 70 65 65 64 00 a8 
63 61 6c 6c 73 69 67 6e a6 4e 35 33 32 32 4a aa 73 6f 75 72 63 65 54 79 70 65 b4 41 44 53 2d 42 
20 46 52 32 34 20 72 65 63 65 69 76 65 72 73 a3 65 74 61 c0 a9 70 61 69 6e 74 65 64 41 73 c0 de 
00 15 a8 66 6c 69 67 68 74 49 64 a8 34 30 31 63 35 32 65 37 a9 74 69 6d 65 73 74 61 6d 70 cf 00 
00 01 9e ae 83 f0 d8 aa 61 69 72 63 72 61 66 74 49 64 a6 41 36 35 41 35 42 a7 72 61 64 61 72 49 
64 a3 32 30 30 a4 74 79 70 65 a4 43 31 37 32 ac 72 65 67 69 73 74 72 61 74 69 6f 6e a6 4e 35 30 
38 32 57 a6 6f 72 69 67 69 6e a3 53 4e 41 ab 64 65 73 74 69 6e 61 74 69 6f 6e a0 a6 66 6c 69 67 
68 74 a0 a6 73 71 75 61 77 6b a4 31 32 30 30 a8 6c 61 74 69 74 75 64 65 cb 40 40 d5 6e ac 86 05 
68 a9 6c 6f 6e 67 69 74 75 64 65 cb c0 5d 77 cd dd 6e 04 c0 a5 74 72 61 63 6b 00 a8 61 6c 74 69 
74 75 64 65 00 a5 73 70 65 65 64 00 a8 6f 6e 47 72 6f 75 6e 64 c3 a6 76 53 70 65 65 64 00 a8 63 
61 6c 6c 73 69 67 6e a6 4e 35 30 38 32 57 aa 73 6f 75 72 63 65 54 79 70 65 b4 41 44 53 2d 42 20 
46 52 32 34 20 72 65 63 65 69 76 65 72 73 a3 65 74 61 c0 a9 70 61 69 6e 74 65 64 41 73 c0 de 00 
15 a8 66 6c 69 67 68 74 49 64 a8 34 30 31 62 66 37 31 64 a9 74 69 6d 65 73 74 61 6d 70 cf 00 00 
01 9e ae 84 04 60 aa 61 69 72 63 72 61 66 74 49 64 a6 41 34 43 41 36 36 a7 72 61 64 61 72 49 64 
a4 35 30 30 30 a4 74 79 70 65 a4 41 32 31 4e ac 72 65 67 69 73 74 72 61 74 69 6f 6e a6 4e 34 30 
38 41 4e a6 6f 72 69 67 69 6e a3 50 48 58 ab 64 65 73 74 69 6e 61 74 69 6f 6e a3 53 4e 41 a6 66 
6c 69 67 68 74 a6 41 41 32 36 35 39 a6 73 71 75 61 77 6b a4 32 36 33 31 a8 6c 61 74 69 74 75 64 
65 cb 40 40 d7 16 09 56 c0 d7 a9 6c 6f 6e 67 69 74 75 64 65 cb c0 5d 77 23 cc 8d e2 ac a5 74 72 
61 63 6b 76 a8 61 6c 74 69 74 75 64 65 00 a5 73 70 65 65 64 00 a8 6f 6e 47 72 6f 75 6e 64 c3 a6 
76 53 70 65 65 64 00 a8 63 61 6c 6c 73 69 67 6e a7 41 41 4c 32 36 35 39 aa 73 6f 75 72 63 65 54 
79 70 65 b0 41 44 53 2d 42 20 56 6f 6c 75 6e 74 65 65 72 73 a3 65 74 61 cf 00 00 01 9e ae 7e 5f 
10 a9 70 61 69 6e 74 65 64 41 73 a3 41 41 4c de 00 15 a8 66 6c 69 67 68 74 49 64 a8 34 30 31 63 
35 34 37 65 a9 74 69 6d 65 73 74 61 6d 70 cf 00 00 01 9e ae 84 08 48 aa 61 69 72 63 72 61 66 74 
49 64 a6 41 36 42 42 41 33 a7 72 61 64 61 72 49 64 a3 32 30 30 a4 74 79 70 65 a4 42 37 33 38 ac 
72 65 67 69 73 74 72 61 74 69 6f 6e a6 4e 35 33 33 41 53 a6 6f 72 69 67 69 6e a3 53 4e 41 ab 64 
65 73 74 69 6e 61 74 69 6f 6e a3 53 45 41 a6 66 6c 69 67 68 74 a5 41 53 37 36 30 a6 73 71 75 61 
77 6b a4 32 30 33 36 a8 6c 61 74 69 74 75 64 65 cb 40 40 d6 e1 47 ae 14 7b a9 6c 6f 6e 67 69 74 
75 64 65 cb c0 5d 77 44 91 29 88 90 a5 74 72 61 63 6b 19 a8 61 6c 74 69 74 75 64 65 00 a5 73 70 
65 65 64 02 a8 6f 6e 47 72 6f 75 6e 64 c3 a6 76 53 70 65 65 64 00 a8 63 61 6c 6c 73 69 67 6e a6 
41 53 41 37 36 30 aa 73 6f 75 72 63 65 54 79 70 65 b4 41 44 53 2d 42 20 46 52 32 34 20 72 65 63 
65 69 76 65 72 73 a3 65 74 61 c0 a9 70 61 69 6e 74 65 64 41 73 a3 41 53 41 de 00 15 a8 66 6c 69 
67 68 74 49 64 a8 34 30 31 63 35 35 30 36 a9 74 69 6d 65 73 74 61 6d 70 cf 00 00 01 9e ae 84 04 
60 aa 61 69 72 63 72 61 66 74 49 64 a6 41 32 32 30 43 42 a7 72 61 64 61 72 49 64 a4 35 30 30 30 
a4 74 79 70 65 a4 42 37 33 37 ac 72 65 67 69 73 74 72 61 74 69 6f 6e a6 4e 32 33 36 57 4e a6 6f 
72 69 67 69 6e a3 53 4e 41 ab 64 65 73 74 69 6e 61 74 69 6f 6e a3 4c 41 53 a6 66 6c 69 67 68 74 
a6 57 4e 33 38 34 36 a6 73 71 75 61 77 6b a4 30 30 30 30 a8 6c 61 74 69 74 75 64 65 cb 40 40 d6 
8a 1d fb 93 8a a9 6c 6f 6e 67 69 74 75 64 65 cb c0 5d 77 51 d6 8c 69 2f a5 74 72 61 63 6b 76 a8 
61 6c 74 69 74 75 64 65 00 a5 73 70 65 65 64 00 a8 6f 6e 47 72 6f 75 6e 64 c3 a6 76 53 70 65 65 
64 00 a8 63 61 6c 6c 73 69 67 6e a7 53 57 41 33 38 34 36 aa 73 6f 75 72 63 65 54 79 70 65 b0 41 
44 53 2d 42 20 56 6f 6c 75 6e 74 65 65 72 73 a3 65 74 61 c0 a9 70 61 69 6e 74 65 64 41 73 a3 53 
57 41 de 00 15 a8 66 6c 69 67 68 74 49 64 a8 34 30 31 63 34 63 34 62 a9 74 69 6d 65 73 74 61 6d 
70 cf 00 00 01 9e ae 84 08 48 aa 61 69 72 63 72 61 66 74 49 64 a6 41 41 38 33 34 43 a7 72 61 64 
61 72 49 64 a3 32 30 30 a4 74 79 70 65 a4 41 53 35 30 ac 72 65 67 69 73 74 72 61 74 69 6f 6e a6 
4e 37 37 37 43 54 a6 6f 72 69 67 69 6e a3 43 4e 4f ab 64 65 73 74 69 6e 61 74 69 6f 6e a3 53 4e 
41 a6 66 6c 69 67 68 74 a0 a6 73 71 75 61 77 6b a4 34 33 30 30 a8 6c 61 74 69 74 75 64 65 cb 40 
40 d6 00 29 f1 6b 12 a9 6c 6f 6e 67 69 74 75 64 65 cb c0 5d 77 fe da 66 12 84 a5 74 72 61 63 6b 
16 a8 61 6c 74 69 74 75 64 65 00 a5 73 70 65 65 64 01 a8 6f 6e 47 72 6f 75 6e 64 c3 a6 76 53 70 
65 65 64 00 a8 63 61 6c 6c 73 69 67 6e a6 4e 37 37 37 43 54 aa 73 6f 75 72 63 65 54 79 70 65 b4 
41 44 53 2d 42 20 46 52 32 34 20 72 65 63 65 69 76 65 72 73 a3 65 74 61 c0 a9 70 61 69 6e 74 65 
64 41 73 c0 de 00 15 a8 66 6c 69 67 68 74 49 64 a8 34 30 31 63 33 30 65 36 a9 74 69 6d 65 73 74 
61 6d 70 cf 00 00 01 9e ae 84 08 48 aa 61 69 72 63 72 61 66 74 49 64 a6 41 38 43 38 33 42 a7 72 
61 64 61 72 49 64 a3 32 30 30 a4 74 79 70 65 a4 43 36 38 41 ac 72 65 67 69 73 74 72 61 74 69 6f 
6e a6 4e 36 36 35 51 53 a6 6f 72 69 67 69 6e a3 4d 52 59 ab 64 65 73 74 69 6e 61 74 69 6f 6e a3 
53 4e 41 a6 66 6c 69 67 68 74 a6 45 4a 41 36 36 35 a6 73 71 75 61 77 6b a4 31 37 33 32 a8 6c 61 
74 69 74 75 64 65 cb 40 40 d5 c3 8b 04 ab 60 a9 6c 6f 6e 67 69 74 75 64 65 cb c0 5d 77 d2 73 d5 
ba b2 a5 74 72 61 63 6b cc b4 a8 61 6c 74 69 74 75 64 65 00 a5 73 70 65 65 64 12 a8 6f 6e 47 72 
6f 75 6e 64 c3 a6 76 53 70 65 65 64 00 a8 63 61 6c 6c 73 69 67 6e a6 45 4a 41 36 36 35 aa 73 6f 
75 72 63 65 54 79 70 65 b4 41 44 53 2d 42 20 46 52 32 34 20 72 65 63 65 69 76 65 72 73 a3 65 74 
61 c0 a9 70 61 69 6e 74 65 64 41 73 a3 45 4a 41 de 00 15 a8 66 6c 69 67 68 74 49 64 a8 34 30 31 
63 33 32 62 65 a9 74 69 6d 65 73 74 61 6d 70 cf 00 00 01 9e ae 84 08 48 aa 61 69 72 63 72 61 66 
74 49 64 a6 41 41 38 46 32 36 a7 72 61 64 61 72 49 64 a3 32 30 30 a4 74 79 70 65 a4 53 32 32 54 
ac 72 65 67 69 73 74 72 61 74 69 6f 6e a5 4e 37 38 4b 5a a6 6f 72 69 67 69 6e a3 53 42 41 ab 64 
65 73 74 69 6e 61 74 69 6f 6e a0 a6 66 6c 69 67 68 74 a0 a6 73 71 75 61 77 6b a4 30 33 35 36 a8 
6c 61 74 69 74 75 64 65 cb 40 40 d2 4b 87 bd cf 03 a9 6c 6f 6e 67 69 74 75 64 65 cb c0 5d 7f bc 
fd 4b f0 99 a5 74 72 61 63 6b cc 83 a8 61 6c 74 69 74 75 64 65 cd 03 9d a5 73 70 65 65 64 cc a7 
a8 6f 6e 47 72 6f 75 6e 64 c2 a6 76 53 70 65 65 64 d1 fe 40 a8 63 61 6c 6c 73 69 67 6e a5 4e 37 
38 4b 5a aa 73 6f 75 72 63 65 54 79 70 65 b4 41 44 53 2d 42 20 46 52 32 34 20 72 65 63 65 69 76 
65 72 73 a3 65 74 61 c0 a9 70 61 69 6e 74 65 64 41 73 c0 de 00 15 a8 66 6c 69 67 68 74 49 64 a8 
34 30 31 63 34 37 31 34 a9 74 69 6d 65 73 74 61 6d 70 cf 00 00 01 9e ae 84 0c 30 aa 61 69 72 63 
72 61 66 74 49 64 a6 41 36 43 41 32 46 a7 72 61 64 61 72 49 64 a3 32 30 30 a4 74 79 70 65 a4 50 
32 38 41 ac 72 65 67 69 73 74 72 61 74 69 6f 6e a6 4e 35 33 36 38 48 a6 6f 72 69 67 69 6e a3 53 
4e 41 ab 64 65 73 74 69 6e 61 74 69 6f 6e a0 a6 66 6c 69 67 68 74 a0 a6 73 71 75 61 77 6b a4 30 
32 31 34 a8 6c 61 74 69 74 75 64 65 cb 40 40 d4 c7 8e 9f 6a 94 a9 6c 6f 6e 67 69 74 75 64 65 cb 
c0 5d 6c 2c 3c 9e ec c0 a5 74 72 61 63 6b 6a a8 61 6c 74 69 74 75 64 65 cd 0d ac a5 73 70 65 65 
64 57 a8 6f 6e 47 72 6f 75 6e 64 c2 a6 76 53 70 65 65 64 cd 01 40 a8 63 61 6c 6c 73 69 67 6e a6 
4e 35 33 36 38 48 aa 73 6f 75 72 63 65 54 79 70 65 b4 41 44 53 2d 42 20 46 52 32 34 20 72 65 63 
65 69 76 65 72 73 a3 65 74 61 c0 a9 70 61 69 6e 74 65 64 41 73 c0 de 00 15 a8 66 6c 69 67 68 74 
49 64 a8 34 30 31 63 34 35 34 63 a9 74 69 6d 65 73 74 61 6d 70 cf 00 00 01 9e ae 84 08 48 aa 61 
69 72 63 72 61 66 74 49 64 a6 41 34 39 31 34 34 a7 72 61 64 61 72 49 64 a3 32 30 30 a4 74 79 70 
65 a4 43 31 35 30 ac 72 65 67 69 73 74 72 61 74 69 6f 6e a6 4e 33 39 33 37 4a a6 6f 72 69 67 69 
6e a3 43 43 42 ab 64 65 73 74 69 6e 61 74 69 6f 6e a0 a6 66 6c 69 67 68 74 a0 a6 73 71 75 61 77 
6b a4 30 32 34 30 a8 6c 61 74 69 74 75 64 65 cb 40 40 d7 91 e6 46 f1 56 a9 6c 6f 6e 67 69 74 75 
64 65 cb c0 5d 6d 3b 10 77 46 88 a5 74 72 61 63 6b cc ae a8 61 6c 74 69 74 75 64 65 cd 0d 48 a5 
73 70 65 65 64 52 a8 6f 6e 47 72 6f 75 6e 64 c2 a6 76 53 70 65 65 64 d0 80 a8 63 61 6c 6c 73 69 
67 6e a6 4e 33 39 33 37 4a aa 73 6f 75 72 63 65 54 79 70 65 b4 41 44 53 2d 42 20 46 52 32 34 20 
72 65 63 65 69 76 65 72 73 a3 65 74 61 c0 a9 70 61 69 6e 74 65 64 41 73 c0 de 00 15 a8 66 6c 69 
67 68 74 49 64 a8 34 30 31 63 34 37 30 30 a9 74 69 6d 65 73 74 61 6d 70 cf 00 00 01 9e ae 84 0c 
30 aa 61 69 72 63 72 61 66 74 49 64 a6 41 39 41 31 38 41 a7 72 61 64 61 72 49 64 a3 32 30 30 a4 
74 79 70 65 a4 50 32 38 41 ac 72 65 67 69 73 74 72 61 74 69 6f 6e a5 4e 37 32 44 4d a6 6f 72 69 
67 69 6e a3 53 4e 41 ab 64 65 73 74 69 6e 61 74 69 6f 6e a0 a6 66 6c 69 67 68 74 a0 a6 73 71 75 
61 77 6b a4 30 32 31 33 a8 6c 61 74 69 74 75 64 65 cb 40 40 d3 a7 86 c2 26 81 a9 6c 6f 6e 67 69 
74 75 64 65 cb c0 5d 70 d3 5a 85 87 94 a5 74 72 61 63 6b 6b a8 61 6c 74 69 74 75 64 65 cd 0a 28 
a5 73 70 65 65 64 5c a8 6f 6e 47 72 6f 75 6e 64 c2 a6 76 53 70 65 65 64 cd 02 40 a8 63 61 6c 6c 
73 69 67 6e a5 4e 37 32 44 4d aa 73 6f 75 72 63 65 54 79 70 65 b4 41 44 53 2d 42 20 46 52 32 34 
20 72 65 63 65 69 76 65 72 73 a3 65 74 61 c0 a9 70 61 69 6e 74 65 64 41 73 c0 de 00 15 a8 66 6c 
69 67 68 74 49 64 a8 34 30 31 63 34 65 65 34 a9 74 69 6d 65 73 74 61 6d 70 cf 00 00 01 9e ae 84 
08 48 aa 61 69 72 63 72 61 66 74 49 64 a6 41 39 37 39 33 32 a7 72 61 64 61 72 49 64 a3 32 30 30 
a4 74 79 70 65 a3 52 32 32 ac 72 65 67 69 73 74 72 61 74 69 6f 6e a6 4e 37 30 39 36 4c a6 6f 72 
69 67 69 6e a3 43 4e 4f ab 64 65 73 74 69 6e 61 74 69 6f 6e a0 a6 66 6c 69 67 68 74 a0 a6 73 71 
75 61 77 6b a4 31 32 30 30 a8 6c 61 74 69 74 75 64 65 cb 40 40 eb 47 84 23 0f d0 a9 6c 6f 6e 67 
69 74 75 64 65 cb c0 5d 70 53 8e f3 4d 6a a5 74 72 61 63 6b cc dc a8 61 6c 74 69 74 75 64 65 cd 
06 59 a5 73 70 65 65 64 44 a8 6f 6e 47 72 6f 75 6e 64 c2 a6 76 53 70 65 65 64 d1 ff 40 a8 63 61 
6c 6c 73 69 67 6e a6 4e 37 30 39 36 4c aa 73 6f 75 72 63 65 54 79 70 65 b4 41 44 53 2d 42 20 46 
52 32 34 20 72 65 63 65 69 76 65 72 73 a3 65 74 61 c0 a9 70 61 69 6e 74 65 64 41 73 c0 de 00 15 
a8 66 6c 69 67 68 74 49 64 a8 34 30 31 63 33 35 33 31 a9 74 69 6d 65 73 74 61 6d 70 cf 00 00 01 
9e ae 84 04 60 aa 61 69 72 63 72 61 66 74 49 64 a6 41 30 33 30 42 44 a7 72 61 64 61 72 49 64 a3 
32 30 30 a4 74 79 70 65 a4 43 4c 36 30 ac 72 65 67 69 73 74 72 61 74 69 6f 6e a6 4e 31 31 31 4a 
4c a6 6f 72 69 67 69 6e a3 54 4f 41 ab 64 65 73 74 69 6e 61 74 69 6f 6e a0 a6 66 6c 69 67 68 74 
a0 a6 73 71 75 61 77 6b a4 34 37 33 37 a8 6c 61 74 69 74 75 64 65 cb 40 40 ed 78 81 1b 1d 93 a9 
6c 6f 6e 67 69 74 75 64 65 cb c0 5d 6d 48 a9 bc fd 4c a5 74 72 61 63 6b 43 a8 61 6c 74 69 74 75 
64 65 cd 23 be a5 73 70 65 65 64 52 a8 6f 6e 47 72 6f 75 6e 64 c2 a6 76 53 70 65 65 64 cd 01 40 
a8 63 61 6c 6c 73 69 67 6e a6 4e 31 31 31 4a 4c aa 73 6f 75 72 63 65 54 79 70 65 b4 41 44 53 2d 
42 20 46 52 32 34 20 72 65 63 65 69 76 65 72 73 a3 65 74 61 c0 a9 70 61 69 6e 74 65 64 41 73 c0 
de 00 15 a8 66 6c 69 67 68 74 49 64 a8 34 30 31 63 33 35 39 38 a9 74 69 6d 65 73 74 61 6d 70 cf 
00 00 01 9e ae 84 0c 30 aa 61 69 72 63 72 61 66 74 49 64 a6 41 31 38 43 41 42 a7 72 61 64 61 72 
49 64 a3 32 30 30 a4 74 79 70 65 a4 53 4c 47 32 ac 72 65 67 69 73 74 72 61 74 69 6f 6e a6 4e 31 
39 39 35 4b a6 6f 72 69 67 69 6e a3 54 4f 41 ab 64 65 73 74 69 6e 61 74 69 6f 6e a0 a6 66 6c 69 
67 68 74 a0 a6 73 71 75 61 77 6b a4 34 36 30 33 a8 6c 61 74 69 74 75 64 65 cb 40 40 eb 6c 37 60 
bf 5d a9 6c 6f 6e 67 69 74 75 64 65 cb c0 5d 6f d7 0a 3d 70 a4 a5 74 72 61 63 6b 43 a8 61 6c 74 
69 74 75 64 65 cd 23 28 a5 73 70 65 65 64 5c a8 6f 6e 47 72 6f 75 6e 64 c2 a6 76 53 70 65 65 64 
cd 01 80 a8 63 61 6c 6c 73 69 67 6e a6 4e 31 39 39 35 4b aa 73 6f 75 72 63 65 54 79 70 65 b4 41 
44 53 2d 42 20 46 52 32 34 20 72 65 63 65 69 76 65 72 73 a3 65 74 61 c0 a9 70 61 69 6e 74 65 64 
41 73 c0 de 00 15 a8 66 6c 69 67 68 74 49 64 a8 34 30 31 63 34 36 36 37 a9 74 69 6d 65 73 74 61 
6d 70 cf 00 00 01 9e ae 84 08 48 aa 61 69 72 63 72 61 66 74 49 64 a6 41 39 31 31 35 44 a7 72 61 
64 61 72 49 64 a3 32 30 30 a4 74 79 70 65 a4 43 31 35 32 ac 72 65 67 69 73 74 72 61 74 69 6f 6e 
a6 4e 36 38 33 34 34 a6 6f 72 69 67 69 6e a3 53 42 44 ab 64 65 73 74 69 6e 61 74 69 6f 6e a0 a6 
66 6c 69 67 68 74 a0 a6 73 71 75 61 77 6b a4 30 32 31 30 a8 6c 61 74 69 74 75 64 65 cb 40 40 f1 
df 11 72 ef 0b a9 6c 6f 6e 67 69 74 75 64 65 cb c0 5d 6e 00 d1 b7 17 59 a5 74 72 61 63 6b cd 01 
01 a8 61 6c 74 69 74 75 64 65 cd 11 df a5 73 70 65 65 64 5e a8 6f 6e 47 72 6f 75 6e 64 c2 a6 76 
53 70 65 65 64 40 a8 63 61 6c 6c 73 69 67 6e a6 4e 36 38 33 34 34 aa 73 6f 75 72 63 65 54 79 70 
65 b4 41 44 53 2d 42 20 46 52 32 34 20 72 65 63 65 69 76 65 72 73 a3 65 74 61 c0 a9 70 61 69 6e 
74 65 64 41 73 c0 de 00 15 a8 66 6c 69 67 68 74 49 64 a8 34 30 31 63 30 34 35 32 a9 74 69 6d 65 
73 74 61 6d 70 cf 00 00 01 9e ae 83 e5 20 aa 61 69 72 63 72 61 66 74 49 64 a6 41 36 31 32 37 42 
a7 72 61 64 61 72 49 64 a4 35 30 30 30 a4 74 79 70 65 a4 43 31 35 32 ac 72 65 67 69 73 74 72 61 
74 69 6f 6e a6 4e 34 39 30 30 4c a6 6f 72 69 67 69 6e a3 53 44 4d ab 64 65 73 74 69 6e 61 74 69 
6f 6e a0 a6 66 6c 69 67 68 74 a0 a6 73 71 75 61 77 6b a4 30 30 30 30 a8 6c 61 74 69 74 75 64 65 
cb 40 41 0b 65 55 c5 2e 73 a9 6c 6f 6e 67 69 74 75 64 65 cb c0 5d 71 ae e6 31 f8 a1 a5 74 72 61 
63 6b cc 92 a8 61 6c 74 69 74 75 64 65 00 a5 73 70 65 65 64 00 a8 6f 6e 47 72 6f 75 6e 64 c3 a6 
76 53 70 65 65 64 00 a8 63 61 6c 6c 73 69 67 6e a6 4e 34 39 30 30 4c aa 73 6f 75 72 63 65 54 79 
70 65 b0 41 44 53 2d 42 20 56 6f 6c 75 6e 74 65 65 72 73 a3 65 74 61 c0 a9 70 61 69 6e 74 65 64 
41 73 c0 de 00 15 a8 66 6c 69 67 68 74 49 64 a8 34 30 31 63 30 37 36 62 a9 74 69 6d 65 73 74 61 
6d 70 cf 00 00 01 9e ae 84 04 60 aa 61 69 72 63 72 61 66 74 49 64 a6 41 39 36 41 44 32 a7 72 61 
64 61 72 49 64 a3 32 30 30 a4 74 79 70 65 a4 54 32 30 36 ac 72 65 67 69 73 74 72 61 74 69 6f 6e 
a6 4e 37 30 35 39 35 a6 6f 72 69 67 69 6e a3 43 4e 4f ab 64 65 73 74 69 6e 61 74 69 6f 6e a0 a6 
66 6c 69 67 68 74 a0 a6 73 71 75 61 77 6b a4 31 32 30 30 a8 6c 61 74 69 74 75 64 65 cb 40 40 fd 
f5 ad 96 a6 a0 a9 6c 6f 6e 67 69 74 75 64 65 cb c0 5d 6d 4e 3b cd 35 a8 a5 74 72 61 63 6b 5b a8 
61 6c 74 69 74 75 64 65 cd 08 4d a5 73 70 65 65 64 cc 81 a8 6f 6e 47 72 6f 75 6e 64 c2 a6 76 53 
70 65 65 64 d0 80 a8 63 61 6c 6c 73 69 67 6e a6 4e 37 30 35 39 35 aa 73 6f 75 72 63 65 54 79 70 
65 b4 41 44 53 2d 42 20 46 52 32 34 20 72 65 63 65 69 76 65 72 73 a3 65 74 61 c0 a9 70 61 69 6e 
74 65 64 41 73 c0 de 00 15 a8 66 6c 69 67 68 74 49 64 a8 34 30 31 63 34 61 34 38 a9 74 69 6d 65 
73 74 61 6d 70 cf 00 00 01 9e ae 83 f8 a8 aa 61 69 72 63 72 61 66 74 49 64 a6 41 33 37 38 44 46 
a7 72 61 64 61 72 49 64 a3 32 30 30 a4 74 79 70 65 a4 50 32 38 41 ac 72 65 67 69 73 74 72 61 74 
69 6f 6e a6 4e 33 32 32 35 31 a6 6f 72 69 67 69 6e a3 50 4f 43 ab 64 65 73 74 69 6e 61 74 69 6f 
6e a0 a6 66 6c 69 67 68 74 a0 a6 73 71 75 61 77 6b a4 30 30 30 30 a8 6c 61 74 69 74 75 64 65 cb 
40 41 0a 18 bd 66 27 7c a9 6c 6f 6e 67 69 74 75 64 65 cb c0 5d 70 fa 58 f7 12 1b a5 74 72 61 63 
6b 48 a8 61 6c 74 69 74 75 64 65 cd 08 34 a5 73 70 65 65 64 5b a8 6f 6e 47 72 6f 75 6e 64 c2 a6 
76 53 70 65 65 64 d0 80 a8 63 61 6c 6c 73 69 67 6e a6 4e 33 32 32 35 31 aa 73 6f 75 72 63 65 54 
79 70 65 a3 55 41 54 a3 65 74 61 c0 a9 70 61 69 6e 74 65 64 41 73 c0 de 00 15 a8 66 6c 69 67 68 
74 49 64 a8 34 30 31 63 32 38 34 36 a9 74 69 6d 65 73 74 61 6d 70 cf 00 00 01 9e ae 84 08 48 aa 
61 69 72 63 72 61 66 74 49 64 a6 41 43 35 35 36 39 a7 72 61 64 61 72 49 64 a3 32 30 30 a4 74 79 
70 65 a4 42 37 33 38 ac 72 65 67 69 73 74 72 61 74 69 6f 6e a6 4e 38 39 34 4e 4e a6 6f 72 69 67 
69 6e a3 4c 41 53 ab 64 65 73 74 69 6e 61 74 69 6f 6e a3 4c 41 58 a6 66 6c 69 67 68 74 a6 41 41 
32 30 33 39 a6 73 71 75 61 77 6b a4 34 37 37 35 a8 6c 61 74 69 74 75 64 65 cb 40 41 02 90 57 d1 
78 2d a9 6c 6f 6e 67 69 74 75 64 65 cb c0 5d 6e 06 0f e4 79 92 a5 74 72 61 63 6b cd 01 07 a8 61 
6c 74 69 74 75 64 65 cd 26 93 a5 73 70 65 65 64 cd 01 23 a8 6f 6e 47 72 6f 75 6e 64 c2 a6 76 53 
70 65 65 64 d1 fb 40 a8 63 61 6c 6c 73 69 67 6e a7 41 41 4c 32 30 33 39 aa 73 6f 75 72 63 65 54 
79 70 65 b4 41 44 53 2d 42 20 46 52 32 34 20 72 65 63 65 69 76 65 72 73 a3 65 74 61 cf 00 00 01 
9e ae 8d 37 d8 a9 70 61 69 6e 74 65 64 41 73 a3 41 41 4c de 00 15 a8 66 6c 69 67 68 74 49 64 a8 
34 30 31 63 34 61 31 66 a9 74 69 6d 65 73 74 61 6d 70 cf 00 00 01 9e ae 84 04 60 aa 61 69 72 63 
72 61 66 74 49 64 a6 41 41 46 36 32 42 a7 72 61 64 61 72 49 64 a3 32 30 30 a4 74 79 70 65 a3 42 
4c 38 ac 72 65 67 69 73 74 72 61 74 69 6f 6e a6 4e 38 30 35 54 54 a6 6f 72 69 67 69 6e a3 52 49 
52 ab 64 65 73 74 69 6e 61 74 69 6f 6e a0 a6 66 6c 69 67 68 74 a0 a6 73 71 75 61 77 6b a4 31 32 
30 30 a8 6c 61 74 69 74 75 64 65 cb 40 41 16 7f f5 83 a5 3c a9 6c 6f 6e 67 69 74 75 64 65 cb c0 
5d 75 e5 f3 0e 7f f6 a5 74 72 61 63 6b cd 01 11 a8 61 6c 74 69 74 75 64 65 cd 19 96 a5 73 70 65 
65 64 69 a8 6f 6e 47 72 6f 75 6e 64 c2 a6 76 53 70 65 65 64 00 a8 63 61 6c 6c 73 69 67 6e a6 4e 
38 30 35 54 54 aa 73 6f 75 72 63 65 54 79 70 65 b4 41 44 53 2d 42 20 46 52 32 34 20 72 65 63 65 
69 76 65 72 73 a3 65 74 61 c0 a9 70 61 69 6e 74 65 64 41 73 c0 de 00 15 a8 66 6c 69 67 68 74 49 
64 a8 34 30 31 63 34 33 37 33 a9 74 69 6d 65 73 74 61 6d 70 cf 00 00 01 9e ae 84 08 48 aa 61 69 
72 63 72 61 66 74 49 64 a6 41 36 42 35 42 46 a7 72 61 64 61 72 49 64 a3 32 30 30 a4 74 79 70 65 
a4 43 43 31 31 ac 72 65 67 69 73 74 72 61 74 69 6f 6e a6 4e 35 33 31 53 4c a6 6f 72 69 67 69 6e 
a3 52 49 52 ab 64 65 73 74 69 6e 61 74 69 6f 6e a0 a6 66 6c 69 67 68 74 a0 a6 73 71 75 61 77 6b 
a4 31 32 30 30 a8 6c 61 74 69 74 75 64 65 cb 40 41 16 97 e1 32 b5 5f a9 6c 6f 6e 67 69 74 75 64 
65 cb c0 5d 75 4a 4d 2b 2b fe a5 74 72 61 63 6b cd 01 10 a8 61 6c 74 69 74 75 64 65 cd 19 af a5 
73 70 65 65 64 65 a8 6f 6e 47 72 6f 75 6e 64 c2 a6 76 53 70 65 65 64 40 a8 63 61 6c 6c 73 69 67 
6e a6 4e 35 33 31 53 4c aa 73 6f 75 72 63 65 54 79 70 65 b4 41 44 53 2d 42 20 46 52 32 34 20 72 
65 63 65 69 76 65 72 73 a3 65 74 61 c0 a9 70 61 69 6e 74 65 64 41 73 c0 de 00 15 a8 66 6c 69 67 
68 74 49 64 a8 34 30 31 63 33 35 36 64 a9 74 69 6d 65 73 74 61 6d 70 cf 00 00 01 9e ae 84 08 48 
aa 61 69 72 63 72 61 66 74 49 64 a6 41 42 36 41 32 31 a7 72 61 64 61 72 49 64 a3 32 30 30 a4 74 
79 70 65 a4 43 31 35 30 ac 72 65 67 69 73 74 72 61 74 69 6f 6e a6 4e 38 33 34 34 47 a6 6f 72 69 
67 69 6e a3 56 4e 59 ab 64 65 73 74 69 6e 61 74 69 6f 6e a0 a6 66 6c 69 67 68 74 a0 a6 73 71 75 
61 77 6b a4 34 36 37 33 a8 6c 61 74 69 74 75 64 65 cb 40 41 13 c7 f7 7a f6 40 a9 6c 6f 6e 67 69 
74 75 64 65 cb c0 5d 75 2c 51 97 a2 49 a5 74 72 61 63 6b 55 a8 61 6c 74 69 74 75 64 65 cd 1d 65 
a5 73 70 65 65 64 4f a8 6f 6e 47 72 6f 75 6e 64 c2 a6 76 53 70 65 65 64 00 a8 63 61 6c 6c 73 69 
67 6e a6 4e 38 33 34 34 47 aa 73 6f 75 72 63 65 54 79 70 65 b4 41 44 53 2d 42 20 46 52 32 34 20 
72 65 63 65 69 76 65 72 73 a3 65 74 61 c0 a9 70 61 69 6e 74 65 64 41 73 c0 de 00 15 a8 66 6c 69 
67 68 74 49 64 a8 34 30 31 63 32 63 33 38 a9 74 69 6d 65 73 74 61 6d 70 cf 00 00 01 9e ae 84 08 
48 aa 61 69 72 63 72 61 66 74 49 64 a6 41 42 44 36 32 37 a7 72 61 64 61 72 49 64 a3 32 30 30 a4 
74 79 70 65 a4 42 37 33 38 ac 72 65 67 69 73 74 72 61 74 69 6f 6e a6 4e 38 36 31 39 46 a6 6f 72 
69 67 69 6e a3 4f 4e 54 ab 64 65 73 74 69 6e 61 74 69 6f 6e a3 44 45 4e a6 66 6c 69 67 68 74 a6 
57 4e 32 36 38 37 a6 73 71 75 61 77 6b a4 37 36 32 30 a8 6c 61 74 69 74 75 64 65 cb 40 41 2e 30 
a9 15 37 a0 a9 6c 6f 6e 67 69 74 75 64 65 cb c0 5d 72 f5 ec 80 c7 3b a5 74 72 61 63 6b 4e a8 61 
6c 74 69 74 75 64 65 cd 40 42 a5 73 70 65 65 64 cd 01 8d a8 6f 6e 47 72 6f 75 6e 64 c2 a6 76 53 
70 65 65 64 cd 07 40 a8 63 61 6c 6c 73 69 67 6e a7 53 57 41 32 36 38 37 aa 73 6f 75 72 63 65 54 
79 70 65 b4 41 44 53 2d 42 20 46 52 32 34 20 72 65 63 65 69 76 65 72 73 a3 65 74 61 cf 00 00 01 
9e ae e8 b1 d0 a9 70 61 69 6e 74 65 64 41 73 a3 53 57 41 de 00 15 a8 66 6c 69 67 68 74 49 64 a8 
34 30 31 63 34 66 32 31 a9 74 69 6d 65 73 74 61 6d 70 cf 00 00 01 9e ae 84 0c 30 aa 61 69 72 63 
72 61 66 74 49 64 a6 41 32 37 35 35 31 a7 72 61 64 61 72 49 64 a3 32 30 30 a4 74 79 70 65 a4 42 
45 35 38 ac 72 65 67 69 73 74 72 61 74 69 6f 6e a6 4e 32 35 38 42 42 a6 6f 72 69 67 69 6e a3 57 
48 50 ab 64 65 73 74 69 6e 61 74 69 6f 6e a0 a6 66 6c 69 67 68 74 a0 a6 73 71 75 61 77 6b a4 34 
36 34 36 a8 6c 61 74 69 74 75 64 65 cb 40 41 3a 80 f1 2c 27 a6 a9 6c 6f 6e 67 69 74 75 64 65 cb 
c0 5d 8b 8c 54 36 b8 fa a5 74 72 61 63 6b 45 a8 61 6c 74 69 74 75 64 65 cd 25 e4 a5 73 70 65 65 
64 cc a0 a8 6f 6e 47 72 6f 75 6e 64 c2 a6 76 53 70 65 65 64 cc 80 a8 63 61 6c 6c 73 69 67 6e a6 
4e 32 35 38 42 42 aa 73 6f 75 72 63 65 54 79 70 65 b4 41 44 53 2d 42 20 46 52 32 34 20 72 65 63 
65 69 76 65 72 73 a3 65 74 61 c0 a9 70 61 69 6e 74 65 64 41 73 c0 de 00 15 a8 66 6c 69 67 68 74 
49 64 a8 34 30 31 63 32 62 35 35 a9 74 69 6d 65 73 74 61 6d 70 cf 00 00 01 9e ae 84 04 60 aa 61 
69 72 63 72 61 66 74 49 64 a6 41 41 36 42 45 44 a7 72 61 64 61 72 49 64 a3 32 30 30 a4 74 79 70 
65 a4 42 37 33 37 ac 72 65 67 69 73 74 72 61 74 69 6f 6e a6 4e 37 37 30 34 42 a6 6f 72 69 67 69 
6e a3 42 55 52 ab 64 65 73 74 69 6e 61 74 69 6f 6e a3 4c 41 53 a6 66 6c 69 67 68 74 a5 57 4e 37 
39 30 a6 73 71 75 61 77 6b a4 34 37 36 34 a8 6c 61 74 69 74 75 64 65 cb 40 41 45 40 24 b3 3d b0 
a9 6c 6f 6e 67 69 74 75 64 65 cb c0 5d 90 4f f4 34 19 e3 a5 74 72 61 63 6b 27 a8 61 6c 74 69 74 
75 64 65 cd 4a 06 a5 73 70 65 65 64 cd 01 87 a8 6f 6e 47 72 6f 75 6e 64 c2 a6 76 53 70 65 65 64 
cd 03 c0 a8 63 61 6c 6c 73 69 67 6e a6 53 57 41 37 39 30 aa 73 6f 75 72 63 65 54 79 70 65 b4 41 
44 53 2d 42 20 46 52 32 34 20 72 65 63 65 69 76 65 72 73 a3 65 74 61 cf 00 00 01 9e ae a7 3c 00 
a9 70 61 69 6e 74 65 64 41 73 a3 53 57 41 de 00 15 a8 66 6c 69 67 68 74 49 64 a8 34 30 31 63 34 
66 34 38 a9 74 69 6d 65 73 74 61 6d 70 cf 00 00 01 9e ae 84 08 48 aa 61 69 72 63 72 61 66 74 49 
64 a6 41 35 41 44 37 34 a7 72 61 64 61 72 49 64 a3 32 30 30 a4 74 79 70 65 a4 45 31 32 30 ac 72 
65 67 69 73 74 72 61 74 69 6f 6e a6 4e 34 36 35 50 41 a6 6f 72 69 67 69 6e a3 4e 54 44 ab 64 65 
73 74 69 6e 61 74 69 6f 6e a0 a6 66 6c 69 67 68 74 a0 a6 73 71 75 61 77 6b a4 34 37 34 33 a8 6c 
61 74 69 74 75 64 65 cb 40 41 35 43 6b 8f 9b 13 a9 6c 6f 6e 67 69 74 75 64 65 cb c0 5d b4 ef 34 
d6 a1 62 a5 74 72 61 63 6b 26 a8 61 6c 74 69 74 75 64 65 cd 25 80 a5 73 70 65 65 64 cc e1 a8 6f 
6e 47 72 6f 75 6e 64 c2 a6 76 53 70 65 65 64 cd 04 c0 a8 63 61 6c 6c 73 69 67 6e a6 4e 34 36 35 
50 41 aa 73 6f 75 72 63 65 54 79 70 65 b4 41 44 53 2d 42 20 46 52 32 34 20 72 65 63 65 69 76 65 
72 73 a3 65 74 61 c0 a9 70 61 69 6e 74 65 64 41 73 a3 47 52 42 de 00 15 a8 66 6c 69 67 68 74 49 
64 a8 34 30 31 63 32 31 63 63 a9 74 69 6d 65 73 74 61 6d 70 cf 00 00 01 9e ae 84 08 48 aa 61 69 
72 63 72 61 66 74 49 64 a6 41 31 32 42 30 41 a7 72 61 64 61 72 49 64 a3 32 30 30 a4 74 79 70 65 
a4 42 33 39 4d ac 72 65 67 69 73 74 72 61 74 69 6f 6e a6 4e 31 37 34 34 34 a6 6f 72 69 67 69 6e 
a3 53 46 4f ab 64 65 73 74 69 6e 61 74 69 6f 6e a3 4c 41 58 a6 66 6c 69 67 68 74 a6 55 41 32 36 
31 30 a6 73 71 75 61 77 6b a4 31 37 34 34 a8 6c 61 74 69 74 75 64 65 cb 40 41 2f 36 cd f2 66 ba 
a9 6c 6f 6e 67 69 74 75 64 65 cb c0 5d bf b9 0e a9 e6 ef a5 74 72 61 63 6b cc 90 a8 61 6c 74 69 
74 75 64 65 cd 41 3c a5 73 70 65 65 64 cd 01 8e a8 6f 6e 47 72 6f 75 6e 64 c2 a6 76 53 70 65 65 
64 d1 f8 80 a8 63 61 6c 6c 73 69 67 6e a7 55 41 4c 38 31 30 31 aa 73 6f 75 72 63 65 54 79 70 65 
b4 41 44 53 2d 42 20 46 52 32 34 20 72 65 63 65 69 76 65 72 73 a3 65 74 61 cf 00 00 01 9e ae 93 
f2 80 a9 70 61 69 6e 74 65 64 41 73 a3 55 41 4c de 00 15 a8 66 6c 69 67 68 74 49 64 a8 34 30 31 
63 32 65 61 38 a9 74 69 6d 65 73 74 61 6d 70 cf 00 00 01 9e ae 84 08 48 aa 61 69 72 63 72 61 66 
74 49 64 a6 41 32 36 30 38 41 a7 72 61 64 61 72 49 64 a3 32 30 30 a4 74 79 70 65 a4 43 31 37 32 
ac 72 65 67 69 73 74 72 61 74 69 6f 6e a6 4e 32 35 32 53 50 a6 6f 72 69 67 69 6e a3 56 4e 59 ab 
64 65 73 74 69 6e 61 74 69 6f 6e a0 a6 66 6c 69 67 68 74 a0 a6 73 71 75 61 77 6b a4 30 32 33 36 
a8 6c 61 74 69 74 75 64 65 cb 40 41 32 0e e8 d1 0f 52 a9 6c 6f 6e 67 69 74 75 64 65 cb c0 5d b6 
b7 aa 25 d8 d8 a5 74 72 61 63 6b 1a a8 61 6c 74 69 74 75 64 65 cd 17 0c a5 73 70 65 65 64 43 a8 
6f 6e 47 72 6f 75 6e 64 c2 a6 76 53 70 65 65 64 cd 03 00 a8 63 61 6c 6c 73 69 67 6e a6 4e 32 35 
32 53 50 aa 73 6f 75 72 63 65 54 79 70 65 b4 41 44 53 2d 42 20 46 52 32 34 20 72 65 63 65 69 76 
65 72 73 a3 65 74 61 c0 a9 70 61 69 6e 74 65 64 41 73 c0 de 00 15 a8 66 6c 69 67 68 74 49 64 a8 
34 30 31 63 34 38 65 30 a9 74 69 6d 65 73 74 61 6d 70 cf 00 00 01 9e ae 84 08 48 aa 61 69 72 63 
72 61 66 74 49 64 a6 41 32 42 32 33 34 a7 72 61 64 61 72 49 64 a3 32 30 30 a4 74 79 70 65 a4 45 
35 34 35 ac 72 65 67 69 73 74 72 61 74 69 6f 6e a6 4e 32 37 33 46 58 a6 6f 72 69 67 69 6e a3 43 
4c 44 ab 64 65 73 74 69 6e 61 74 69 6f 6e a3 53 4a 43 a6 66 6c 69 67 68 74 a6 4c 58 4a 32 37 33 
a6 73 71 75 61 77 6b a4 36 37 35 35 a8 6c 61 74 69 74 75 64 65 cb 40 41 26 20 46 c7 64 ae a9 6c 
6f 6e 67 69 74 75 64 65 cb c0 5d cb a8 58 79 3d d9 a5 74 72 61 63 6b cd 01 3d a8 61 6c 74 69 74 
75 64 65 cd 84 d0 a5 73 70 65 65 64 cd 01 8c a8 6f 6e 47 72 6f 75 6e 64 c2 a6 76 53 70 65 65 64 
00 a8 63 61 6c 6c 73 69 67 6e a6 4c 58 4a 32 37 33 aa 73 6f 75 72 63 65 54 79 70 65 b4 41 44 53 
2d 42 20 46 52 32 34 20 72 65 63 65 69 76 65 72 73 a3 65 74 61 cf 00 00 01 9e ae ab 37 88 a9 70 
61 69 6e 74 65 64 41 73 a3 4c 58 4a de 00 15 a8 66 6c 69 67 68 74 49 64 a8 34 30 31 63 34 61 65 
62 a9 74 69 6d 65 73 74 61 6d 70 cf 00 00 01 9e ae 84 08 48 aa 61 69 72 63 72 61 66 74 49 64 a6 
41 34 30 42 38 34 a7 72 61 64 61 72 49 64 a4 35 30 30 30 a4 74 79 70 65 a4 53 32 32 54 ac 72 65 
67 69 73 74 72 61 74 69 6f 6e a5 4e 33 36 53 41 a6 6f 72 69 67 69 6e a3 51 54 43 ab 64 65 73 74 
69 6e 61 74 69 6f 6e a3 52 4e 4f a6 66 6c 69 67 68 74 a0 a6 73 71 75 61 77 6b a4 30 30 30 30 a8 
6c 61 74 69 74 75 64 65 cb 40 41 1f 60 bf 5d 78 81 a9 6c 6f 6e 67 69 74 75 64 65 cb c0 5d c6 71 
36 a4 00 fc a5 74 72 61 63 6b 37 a8 61 6c 74 69 74 75 64 65 cd 08 4d a5 73 70 65 65 64 78 a8 6f 
6e 47 72 6f 75 6e 64 c2 a6 76 53 70 65 65 64 cd 03 40 a8 63 61 6c 6c 73 69 67 6e a5 4e 33 36 53 
41 aa 73 6f 75 72 63 65 54 79 70 65 b0 41 44 53 2d 42 20 56 6f 6c 75 6e 74 65 65 72 73 a3 65 74 
61 cf 00 00 01 9e ae b4 28 98 a9 70 61 69 6e 74 65 64 41 73 c0 de 00 15 a8 66 6c 69 67 68 74 49 
64 a8 34 30 31 63 34 65 65 30 a9 74 69 6d 65 73 74 61 6d 70 cf 00 00 01 9e ae 83 ec f0 aa 61 69 
72 63 72 61 66 74 49 64 a6 41 34 43 32 30 37 a7 72 61 64 61 72 49 64 a4 35 30 30 30 a4 74 79 70 
65 a3 52 34 34 ac 72 65 67 69 73 74 72 61 74 69 6f 6e a6 4e 34 30 35 33 54 a6 6f 72 69 67 69 6e 
a3 51 54 43 ab 64 65 73 74 69 6e 61 74 69 6f 6e a0 a6 66 6c 69 67 68 74 a0 a6 73 71 75 61 77 6b 
a4 31 32 30 30 a8 6c 61 74 69 74 75 64 65 cb 40 41 1a f6 e8 29 49 a5 a9 6c 6f 6e 67 69 74 75 64 
65 cb c0 5d c5 be 4c d7 49 28 a5 74 72 61 63 6b cc b4 a8 61 6c 74 69 74 75 64 65 00 a5 73 70 65 
65 64 00 a8 6f 6e 47 72 6f 75 6e 64 c3 a6 76 53 70 65 65 64 00 a8 63 61 6c 6c 73 69 67 6e a6 4e 
34 30 35 33 54 aa 73 6f 75 72 63 65 54 79 70 65 b0 41 44 53 2d 42 20 56 6f 6c 75 6e 74 65 65 72 
73 a3 65 74 61 c0 a9 70 61 69 6e 74 65 64 41 73 c0 de 00 15 a8 66 6c 69 67 68 74 49 64 a8 34 30 
31 63 32 39 62 64 a9 74 69 6d 65 73 74 61 6d 70 cf 00 00 01 9e ae 83 f8 a8 aa 61 69 72 63 72 61 
66 74 49 64 a6 41 38 41 41 34 44 a7 72 61 64 61 72 49 64 a4 35 30 30 30 a4 74 79 70 65 a4 43 31 
37 32 ac 72 65 67 69 73 74 72 61 74 69 6f 6e a6 4e 36 35 37 38 39 a6 6f 72 69 67 69 6e a3 57 48 
50 ab 64 65 73 74 69 6e 61 74 69 6f 6e a3 51 54 43 a6 66 6c 69 67 68 74 a0 a6 73 71 75 61 77 6b 
a4 34 37 36 33 a8 6c 61 74 69 74 75 64 65 cb 40 41 1b 40 f6 6a 55 08 a9 6c 6f 6e 67 69 74 75 64 
65 cb c0 5d c5 d0 28 a1 df b9 a5 74 72 61 63 6b cc bf a8 61 6c 74 69 74 75 64 65 00 a5 73 70 65 
65 64 01 a8 6f 6e 47 72 6f 75 6e 64 c3 a6 76 53 70 65 65 64 00 a8 63 61 6c 6c 73 69 67 6e a6 4e 
36 35 37 38 39 aa 73 6f 75 72 63 65 54 79 70 65 b0 41 44 53 2d 42 20 56 6f 6c 75 6e 74 65 65 72 
73 a3 65 74 61 c0 a9 70 61 69 6e 74 65 64 41 73 c0 de 00 15 a8 66 6c 69 67 68 74 49 64 a8 34 30 
31 62 66 38 37 34 a9 74 69 6d 65 73 74 61 6d 70 cf 00 00 01 9e ae 84 00 78 aa 61 69 72 63 72 61 
66 74 49 64 a6 41 37 35 41 42 45 a7 72 61 64 61 72 49 64 a4 35 30 30 30 a4 74 79 70 65 a4 43 31 
37 32 ac 72 65 67 69 73 74 72 61 74 69 6f 6e a6 4e 35 37 33 4e 44 a6 6f 72 69 67 69 6e a3 51 54 
43 ab 64 65 73 74 69 6e 61 74 69 6f 6e a0 a6 66 6c 69 67 68 74 a0 a6 73 71 75 61 77 6b a4 31 32 
30 30 a8 6c 61 74 69 74 75 64 65 cb 40 41 1b 8f 9b 13 16 5d a9 6c 6f 6e 67 69 74 75 64 65 cb c0 
5d c4 34 eb 9a 17 6e a5 74 72 61 63 6b cc cc a8 61 6c 74 69 74 75 64 65 cd 02 71 a5 73 70 65 65 
64 47 a8 6f 6e 47 72 6f 75 6e 64 c2 a6 76 53 70 65 65 64 d1 fd 40 a8 63 61 6c 6c 73 69 67 6e a6 
4e 35 37 33 4e 44 aa 73 6f 75 72 63 65 54 79 70 65 b0 41 44 53 2d 42 20 56 6f 6c 75 6e 74 65 65 
72 73 a3 65 74 61 c0 a9 70 61 69 6e 74 65 64 41 73 c0 de 00 15 a8 66 6c 69 67 68 74 49 64 a8 34 
30 31 63 33 39 33 63 a9 74 69 6d 65 73 74 61 6d 70 cf 00 00 01 9e ae 84 04 60 aa 61 69 72 63 72 
61 66 74 49 64 a6 41 37 44 45 39 31 a7 72 61 64 61 72 49 64 a4 37 37 34 32 a4 74 79 70 65 a4 43 
31 37 32 ac 72 65 67 69 73 74 72 61 74 69 6f 6e a6 4e 36 30 36 4c 50 a6 6f 72 69 67 69 6e a3 43 
43 42 ab 64 65 73 74 69 6e 61 74 69 6f 6e a0 a6 66 6c 69 67 68 74 a0 a6 73 71 75 61 77 6b a4 31 
30 35 37 a8 6c 61 74 69 74 75 64 65 cb 40 41 1b 2d 4d 40 24 b3 a9 6c 6f 6e 67 69 74 75 64 65 cb 
c0 5d c6 5a ee 63 1f 8a a5 74 72 61 63 6b cd 01 1a a8 61 6c 74 69 74 75 64 65 cd 19 7d a5 73 70 
65 65 64 6a a8 6f 6e 47 72 6f 75 6e 64 c2 a6 76 53 70 65 65 64 00 a8 63 61 6c 6c 73 69 67 6e a6 
4e 36 30 36 4c 50 aa 73 6f 75 72 63 65 54 79 70 65 a4 4d 4c 41 54 a3 65 74 61 c0 a9 70 61 69 6e 
74 65 64 41 73 c0 de 00 15 a8 66 6c 69 67 68 74 49 64 a8 34 30 31 63 34 62 32 33 a9 74 69 6d 65 
73 74 61 6d 70 cf 00 00 01 9e ae 82 fa c0 aa 61 69 72 63 72 61 66 74 49 64 a6 41 31 36 33 36 31 
a7 72 61 64 61 72 49 64 a4 35 30 30 30 a4 74 79 70 65 a4 53 46 33 34 ac 72 65 67 69 73 74 72 61 
74 69 6f 6e a6 4e 31 38 39 50 41 a6 6f 72 69 67 69 6e a0 ab 64 65 73 74 69 6e 61 74 69 6f 6e a0 
a6 66 6c 69 67 68 74 a0 a6 73 71 75 61 77 6b a4 30 34 37 32 a8 6c 61 74 69 74 75 64 65 cb 40 41 
0e 00 29 f1 6b 12 a9 6c 6f 6e 67 69 74 75 64 65 cb c0 5d c5 4a 4d 2b 2b fe a5 74 72 61 63 6b 07 
a8 61 6c 74 69 74 75 64 65 cd 03 9d a5 73 70 65 65 64 cc 89 a8 6f 6e 47 72 6f 75 6e 64 c2 a6 76 
53 70 65 65 64 d1 fd 40 a8 63 61 6c 6c 73 69 67 6e a6 4e 31 38 39 50 41 aa 73 6f 75 72 63 65 54 
79 70 65 aa 53 69 6d 75 6c 61 74 69 6f 6e a3 65 74 61 c0 a9 70 61 69 6e 74 65 64 41 73 a3 47 52 
42 de 00 15 a8 66 6c 69 67 68 74 49 64 a8 34 30 31 63 31 64 33 35 a9 74 69 6d 65 73 74 61 6d 70 
cf 00 00 01 9e ae 84 04 60 aa 61 69 72 63 72 61 66 74 49 64 a6 41 39 35 36 44 34 a7 72 61 64 61 
72 49 64 a4 35 30 30 30 a4 74 79 70 65 a4 53 52 32 30 ac 72 65 67 69 73 74 72 61 74 69 6f 6e a6 
4e 37 30 30 5a 47 a6 6f 72 69 67 69 6e a3 50 52 42 ab 64 65 73 74 69 6e 61 74 69 6f 6e a3 51 54 
43 a6 66 6c 69 67 68 74 a0 a6 73 71 75 61 77 6b a4 34 36 33 37 a8 6c 61 74 69 74 75 64 65 cb 40 
41 1a e9 cc b7 d4 17 a9 6c 6f 6e 67 69 74 75 64 65 cb c0 5d c5 01 8e 75 79 29 a5 74 72 61 63 6b 
57 a8 61 6c 74 69 74 75 64 65 00 a5 73 70 65 65 64 00 a8 6f 6e 47 72 6f 75 6e 64 c3 a6 76 53 70 
65 65 64 00 a8 63 61 6c 6c 73 69 67 6e a6 4e 37 30 30 5a 47 aa 73 6f 75 72 63 65 54 79 70 65 b0 
41 44 53 2d 42 20 56 6f 6c 75 6e 74 65 65 72 73 a3 65 74 61 c0 a9 70 61 69 6e 74 65 64 41 73 c0 
de 00 15 a8 66 6c 69 67 68 74 49 64 a8 34 30 31 63 32 61 32 66 a9 74 69 6d 65 73 74 61 6d 70 cf 
00 00 01 9e ae 84 0c 30 aa 61 69 72 63 72 61 66 74 49 64 a6 41 41 35 42 43 36 a7 72 61 64 61 72 
49 64 a3 32 30 30 a4 74 79 70 65 a4 43 31 37 32 ac 72 65 67 69 73 74 72 61 74 69 6f 6e a6 4e 37 
36 37 43 4c a6 6f 72 69 67 69 6e a3 43 4e 4f ab 64 65 73 74 69 6e 61 74 69 6f 6e a0 a6 66 6c 69 
67 68 74 a0 a6 73 71 75 61 77 6b a4 31 32 30 30 a8 6c 61 74 69 74 75 64 65 cb 40 40 b4 ba 73 2d 
f5 06 a9 6c 6f 6e 67 69 74 75 64 65 cb c0 5d 99 d9 d3 45 8c d2 a5 74 72 61 63 6b cc f2 a8 61 6c 
74 69 74 75 64 65 cd 06 ef a5 73 70 65 65 64 42 a8 6f 6e 47 72 6f 75 6e 64 c2 a6 76 53 70 65 65 
64 d1 fd c0 a8 63 61 6c 6c 73 69 67 6e a6 4e 37 36 37 43 4c aa 73 6f 75 72 63 65 54 79 70 65 b4 
41 44 53 2d 42 20 46 52 32 34 20 72 65 63 65 69 76 65 72 73 a3 65 74 61 c0 a9 70 61 69 6e 74 65 
64 41 73 c0 de 00 15 a8 66 6c 69 67 68 74 49 64 a8 34 30 31 62 66 37 37 33 a9 74 69 6d 65 73 74 
61 6d 70 cf 00 00 01 9e ae 84 04 60 aa 61 69 72 63 72 61 66 74 49 64 a6 41 43 30 33 30 45 a7 72 
61 64 61 72 49 64 a3 32 30 30 a4 74 79 70 65 a4 53 4c 47 32 ac 72 65 67 69 73 74 72 61 74 69 6f 
6e a6 4e 38 37 33 53 43 a6 6f 72 69 67 69 6e a3 4c 47 42 ab 64 65 73 74 69 6e 61 74 69 6f 6e a0 
a6 66 6c 69 67 68 74 a0 a6 73 71 75 61 77 6b a4 31 32 30 30 a8 6c 61 74 69 74 75 64 65 cb 40 40 
b6 82 94 9a 56 58 a9 6c 6f 6e 67 69 74 75 64 65 cb c0 5d 99 83 cf 2c f9 5d a5 74 72 61 63 6b cc 
ca a8 61 6c 74 69 74 75 64 65 cd 0f 6e a5 73 70 65 65 64 78 a8 6f 6e 47 72 6f 75 6e 64 c2 a6 76 
53 70 65 65 64 d1 fa c0 a8 63 61 6c 6c 73 69 67 6e a6 4e 38 37 33 53 43 aa 73 6f 75 72 63 65 54 
79 70 65 b4 41 44 53 2d 42 20 46 52 32 34 20 72 65 63 65 69 76 65 72 73 a3 65 74 61 c0 a9 70 61 
69 6e 74 65 64 41 73 c0 de 00 15 a8 66 6c 69 67 68 74 49 64 a8 34 30 31 62 65 32 37 37 a9 74 69 
6d 65 73 74 61 6d 70 cf 00 00 01 9e ae 84 0c 30 aa 61 69 72 63 72 61 66 74 49 64 a6 41 33 45 46 
31 42 a7 72 61 64 61 72 49 64 a3 32 30 30 a4 74 79 70 65 a4 42 37 33 38 ac 72 65 67 69 73 74 72 
61 74 69 6f 6e a6 4e 33 35 32 33 36 a6 6f 72 69 67 69 6e a3 50 56 52 ab 64 65 73 74 69 6e 61 74 
69 6f 6e a3 53 46 4f a6 66 6c 69 67 68 74 a6 55 41 31 32 34 33 a6 73 71 75 61 77 6b a4 33 32 30 
32 a8 6c 61 74 69 74 75 64 65 cb 40 40 b6 f9 db 22 d0 e5 a9 6c 6f 6e 67 69 74 75 64 65 cb c0 5d 
88 5e b3 13 be 23 a5 74 72 61 63 6b cd 01 3a a8 61 6c 74 69 74 75 64 65 cd 94 70 a5 73 70 65 65 
64 cd 01 9f a8 6f 6e 47 72 6f 75 6e 64 c2 a6 76 53 70 65 65 64 00 a8 63 61 6c 6c 73 69 67 6e a7 
55 41 4c 31 32 34 33 aa 73 6f 75 72 63 65 54 79 70 65 b4 41 44 53 2d 42 20 46 52 32 34 20 72 65 
63 65 69 76 65 72 73 a3 65 74 61 cf 00 00 01 9e ae ba c4 00 a9 70 61 69 6e 74 65 64 41 73 a3 55 
41 4c de 00 15 a8 66 6c 69 67 68 74 49 64 a8 34 30 31 63 32 37 39 64 a9 74 69 6d 65 73 74 61 6d 
70 cf 00 00 01 9e ae 84 0c 30 aa 61 69 72 63 72 61 66 74 49 64 a6 41 35 35 30 35 35 a7 72 61 64 
61 72 49 64 a3 32 30 30 a4 74 79 70 65 a4 42 37 33 37 ac 72 65 67 69 73 74 72 61 74 69 6f 6e a6 
4e 34 34 31 57 4e a6 6f 72 69 67 69 6e a3 53 41 4e ab 64 65 73 74 69 6e 61 74 69 6f 6e a3 53 4d 
46 a6 66 6c 69 67 68 74 a6 57 4e 34 35 35 32 a6 73 71 75 61 77 6b a4 32 30 32 30 a8 6c 61 74 69 
74 75 64 65 cb 40 40 b2 41 5f 45 e0 b5 a9 6c 6f 6e 67 69 74 75 64 65 cb c0 5d 83 93 89 b5 20 08 
a5 74 72 61 63 6b cd 01 40 a8 61 6c 74 69 74 75 64 65 cd 52 6c a5 73 70 65 65 64 cd 01 9d a8 6f 
6e 47 72 6f 75 6e 64 c2 a6 76 53 70 65 65 64 cd 04 c0 a8 63 61 6c 6c 73 69 67 6e a7 53 57 41 34 
35 35 32 aa 73 6f 75 72 63 65 54 79 70 65 b4 41 44 53 2d 42 20 46 52 32 34 20 72 65 63 65 69 76 
65 72 73 a3 65 74 61 cf 00 00 01 9e ae bc b8 00 a9 70 61 69 6e 74 65 64 41 73 a3 53 57 41 de 00 
15 a8 66 6c 69 67 68 74 49 64 a8 34 30 31 62 64 38 32 33 a9 74 69 6d 65 73 74 61 6d 70 cf 00 00 
01 9e ae 84 04 60 aa 61 69 72 63 72 61 66 74 49 64 a6 41 42 31 38 33 39 a7 72 61 64 61 72 49 64 
a3 32 30 30 a4 74 79 70 65 a4 42 37 38 38 ac 72 65 67 69 73 74 72 61 74 69 6f 6e a6 4e 38 31 34 
41 41 a6 6f 72 69 67 69 6e a3 44 46 57 ab 64 65 73 74 69 6e 61 74 69 6f 6e a3 48 4e 4c a6 66 6c 
69 67 68 74 a3 41 41 35 a6 73 71 75 61 77 6b a4 33 34 37 35 a8 6c 61 74 69 74 75 64 65 cb 40 40 
aa 1d fb 93 89 b5 a9 6c 6f 6e 67 69 74 75 64 65 cb c0 5d 84 78 42 30 fc f8 a5 74 72 61 63 6b cd 
01 16 a8 61 6c 74 69 74 75 64 65 cd 9c 40 a5 73 70 65 65 64 cd 01 c8 a8 6f 6e 47 72 6f 75 6e 64 
c2 a6 76 53 70 65 65 64 d0 c0 a8 63 61 6c 6c 73 69 67 6e a4 41 41 4c 35 aa 73 6f 75 72 63 65 54 
79 70 65 b4 41 44 53 2d 42 20 46 52 32 34 20 72 65 63 65 69 76 65 72 73 a3 65 74 61 cf 00 00 01 
9e af 9b 60 00 a9 70 61 69 6e 74 65 64 41 73 a3 41 41 4c de 00 15 a8 66 6c 69 67 68 74 49 64 a8 
34 30 31 63 33 63 35 36 a9 74 69 6d 65 73 74 61 6d 70 cf 00 00 01 9e ae 84 08 48 aa 61 69 72 63 
72 61 66 74 49 64 a6 41 32 44 44 44 46 a7 72 61 64 61 72 49 64 a4 37 37 34 32 a4 74 79 70 65 a4 
43 31 37 32 ac 72 65 67 69 73 74 72 61 74 69 6f 6e a6 4e 32 38 34 4c 50 a6 6f 72 69 67 69 6e a0 
ab 64 65 73 74 69 6e 61 74 69 6f 6e a0 a6 66 6c 69 67 68 74 a0 a6 73 71 75 61 77 6b a4 34 36 31 
31 a8 6c 61 74 69 74 75 64 65 cb 40 40 c1 0e fd c9 c4 db a9 6c 6f 6e 67 69 74 75 64 65 cb c0 5d 
77 1b 47 84 23 10 a5 74 72 61 63 6b cc 81 a8 61 6c 74 69 74 75 64 65 cd 15 f9 a5 73 70 65 65 64 
70 a8 6f 6e 47 72 6f 75 6e 64 c2 a6 76 53 70 65 65 64 00 a8 63 61 6c 6c 73 69 67 6e a6 4e 32 38 
34 4c 50 aa 73 6f 75 72 63 65 54 79 70 65 a4 4d 4c 41 54 a3 65 74 61 c0 a9 70 61 69 6e 74 65 64 
41 73 c0 de 00 15 a8 66 6c 69 67 68 74 49 64 a8 34 30 31 63 34 37 32 62 a9 74 69 6d 65 73 74 61 
6d 70 cf 00 00 01 9e ae 84 04 60 aa 61 69 72 63 72 61 66 74 49 64 a6 41 43 42 45 36 33 a7 72 61 
64 61 72 49 64 a3 32 30 30 a4 74 79 70 65 a4 41 32 30 4e ac 72 65 67 69 73 74 72 61 74 69 6f 6e 
a6 4e 39 32 30 43 47 a6 6f 72 69 67 69 6e a3 4c 41 58 ab 64 65 73 74 69 6e 61 74 69 6f 6e a3 47 
55 41 a6 66 6c 69 67 68 74 a5 41 56 36 34 31 a6 73 71 75 61 77 6b a4 37 36 31 31 a8 6c 61 74 69 
74 75 64 65 cb 40 40 bc a6 ca 03 c4 b1 a9 6c 6f 6e 67 69 74 75 64 65 cb c0 5d 76 1b 08 9a 02 75 
a5 74 72 61 63 6b 6c a8 61 6c 74 69 74 75 64 65 cd 4d 0d a5 73 70 65 65 64 cd 01 98 a8 6f 6e 47 
72 6f 75 6e 64 c2 a6 76 53 70 65 65 64 cd 07 00 a8 63 61 6c 6c 73 69 67 6e a6 4c 52 43 36 34 31 
aa 73 6f 75 72 63 65 54 79 70 65 b4 41 44 53 2d 42 20 46 52 32 34 20 72 65 63 65 69 76 65 72 73 
a3 65 74 61 cf 00 00 01 9e af 66 a4 00 a9 70 61 69 6e 74 65 64 41 73 a3 41 56 41 de 00 15 a8 66 
6c 69 67 68 74 49 64 a8 34 30 31 63 34 64 36 34 a9 74 69 6d 65 73 74 61 6d 70 cf 00 00 01 9e ae 
84 0c 30 aa 61 69 72 63 72 61 66 74 49 64 a6 41 33 46 38 33 39 a7 72 61 64 61 72 49 64 a3 32 30 
30 a4 74 79 70 65 a3 53 37 36 ac 72 65 67 69 73 74 72 61 74 69 6f 6e a6 4e 33 35 35 4a 53 a6 6f 
72 69 67 69 6e a3 43 4c 44 ab 64 65 73 74 69 6e 61 74 69 6f 6e a0 a6 66 6c 69 67 68 74 a0 a6 73 
71 75 61 77 6b a4 31 32 30 30 a8 6c 61 74 69 74 75 64 65 cb 40 40 c1 f5 59 b3 d0 7d a9 6c 6f 6e 
67 69 74 75 64 65 cb c0 5d 72 36 8f 08 46 20 a5 74 72 61 63 6b cd 01 41 a8 61 6c 74 69 74 75 64 
65 cd 03 39 a5 73 70 65 65 64 cc 9c a8 6f 6e 47 72 6f 75 6e 64 c2 a6 76 53 70 65 65 64 00 a8 63 
61 6c 6c 73 69 67 6e a6 4e 33 35 35 4a 53 aa 73 6f 75 72 63 65 54 79 70 65 b4 41 44 53 2d 42 20 
46 52 32 34 20 72 65 63 65 69 76 65 72 73 a3 65 74 61 c0 a9 70 61 69 6e 74 65 64 41 73 c0 de 00 
15 a8 66 6c 69 67 68 74 49 64 a8 34 30 31 63 33 32 37 66 a9 74 69 6d 65 73 74 61 6d 70 cf 00 00 
01 9e ae 84 08 48 aa 61 69 72 63 72 61 66 74 49 64 a6 41 36 43 39 34 46 a7 72 61 64 61 72 49 64 
a3 32 30 30 a4 74 79 70 65 a4 43 31 37 32 ac 72 65 67 69 73 74 72 61 74 69 6f 6e a6 4e 35 33 36 
31 34 a6 6f 72 69 67 69 6e a3 53 4e 41 ab 64 65 73 74 69 6e 61 74 69 6f 6e a0 a6 66 6c 69 67 68 
74 a0 a6 73 71 75 61 77 6b a4 30 32 32 35 a8 6c 61 74 69 74 75 64 65 cb 40 40 d3 57 e6 70 e2 c1 
a9 6c 6f 6e 67 69 74 75 64 65 cb c0 5d 69 9b ba dc 09 81 a5 74 72 61 63 6b cd 01 64 a8 61 6c 74 
69 74 75 64 65 cd 0e d8 a5 73 70 65 65 64 59 a8 6f 6e 47 72 6f 75 6e 64 c2 a6 76 53 70 65 65 64 
d1 ff 40 a8 63 61 6c 6c 73 69 67 6e a6 4e 35 33 36 31 34 aa 73 6f 75 72 63 65 54 79 70 65 b4 41 
44 53 2d 42 20 46 52 32 34 20 72 65 63 65 69 76 65 72 73 a3 65 74 61 c0 a9 70 61 69 6e 74 65 64 
41 73 c0 de 00 15 a8 66 6c 69 67 68 74 49 64 a8 34 30 31 63 32 62 34 39 a9 74 69 6d 65 73 74 61 
6d 70 cf 00 00 01 9e ae 84 04 60 aa 61 69 72 63 72 61 66 74 49 64 a6 41 39 45 44 33 41 a7 72 61 
64 61 72 49 64 a3 32 30 30 a4 74 79 70 65 a4 43 31 37 32 ac 72 65 67 69 73 74 72 61 74 69 6f 6e 
a6 4e 37 33 39 48 53 a6 6f 72 69 67 69 6e a3 53 4e 41 ab 64 65 73 74 69 6e 61 74 69 6f 6e a0 a6 
66 6c 69 67 68 74 a0 a6 73 71 75 61 77 6b a4 30 30 30 30 a8 6c 61 74 69 74 75 64 65 cb 40 40 d0 
8e 36 8f 08 46 a9 6c 6f 6e 67 69 74 75 64 65 cb c0 5d 68 4e 50 c5 eb 31 a5 74 72 61 63 6b cd 01 
5b a8 61 6c 74 69 74 75 64 65 cd 0c 1c a5 73 70 65 65 64 52 a8 6f 6e 47 72 6f 75 6e 64 c2 a6 76 
53 70 65 65 64 d0 c0 a8 63 61 6c 6c 73 69 67 6e a6 4e 37 33 39 48 53 aa 73 6f 75 72 63 65 54 79 
70 65 a3 55 41 54 a3 65 74 61 c0 a9 70 61 69 6e 74 65 64 41 73 c0 de 00 15 a8 66 6c 69 67 68 74 
49 64 a8 34 30 31 63 34 37 37 38 a9 74 69 6d 65 73 74 61 6d 70 cf 00 00 01 9e ae 84 08 48 aa 61 
69 72 63 72 61 66 74 49 64 a6 41 38 35 45 31 36 a7 72 61 64 61 72 49 64 a3 32 30 30 a4 74 79 70 
65 a4 43 31 37 32 ac 72 65 67 69 73 74 72 61 74 69 6f 6e a6 4e 36 33 38 32 44 a6 6f 72 69 67 69 
6e a0 ab 64 65 73 74 69 6e 61 74 69 6f 6e a0 a6 66 6c 69 67 68 74 a0 a6 73 71 75 61 77 6b a4 31 
32 30 30 a8 6c 61 74 69 74 75 64 65 cb 40 40 e8 5d b7 6b 3b b8 a9 6c 6f 6e 67 69 74 75 64 65 cb 
c0 5d 61 60 41 89 37 4c a5 74 72 61 63 6b cc 89 a8 61 6c 74 69 74 75 64 65 cd 0c 03 a5 73 70 65 
65 64 63 a8 6f 6e 47 72 6f 75 6e 64 c2 a6 76 53 70 65 65 64 cc c0 a8 63 61 6c 6c 73 69 67 6e a6 
4e 36 33 38 32 44 aa 73 6f 75 72 63 65 54 79 70 65 b4 41 44 53 2d 42 20 46 52 32 34 20 72 65 63 
65 69 76 65 72 73 a3 65 74 61 c0 a9 70 61 69 6e 74 65 64 41 73 c0 de 00 15 a8 66 6c 69 67 68 74 
49 64 a8 34 30 31 62 66 32 64 65 a9 74 69 6d 65 73 74 61 6d 70 cf 00 00 01 9e ae 84 08 48 aa 61 
69 72 63 72 61 66 74 49 64 a6 41 36 30 39 30 42 a7 72 61 64 61 72 49 64 a3 32 30 30 a4 74 79 70 
65 a4 43 31 35 32 ac 72 65 67 69 73 74 72 61 74 69 6f 6e a6 4e 34 38 38 32 33 a6 6f 72 69 67 69 
6e a3 43 4e 4f ab 64 65 73 74 69 6e 61 74 69 6f 6e a0 a6 66 6c 69 67 68 74 a0 a6 73 71 75 61 77 
6b a4 31 32 30 30 a8 6c 61 74 69 74 75 64 65 cb 40 40 e9 4a 4d 2b 2b fe a9 6c 6f 6e 67 69 74 75 
64 65 cb c0 5d 60 6c 76 4a df f8 a5 74 72 61 63 6b cc 86 a8 61 6c 74 69 74 75 64 65 cd 0d c5 a5 
73 70 65 65 64 46 a8 6f 6e 47 72 6f 75 6e 64 c2 a6 76 53 70 65 65 64 cd 01 40 a8 63 61 6c 6c 73 
69 67 6e a6 4e 34 38 38 32 33 aa 73 6f 75 72 63 65 54 79 70 65 b4 41 44 53 2d 42 20 46 52 32 34 
20 72 65 63 65 69 76 65 72 73 a3 65 74 61 c0 a9 70 61 69 6e 74 65 64 41 73 c0 de 00 15 a8 66 6c 
69 67 68 74 49 64 a8 34 30 31 63 33 64 38 30 a9 74 69 6d 65 73 74 61 6d 70 cf 00 00 01 9e ae 84 
08 48 aa 61 69 72 63 72 61 66 74 49 64 a6 41 42 31 46 35 32 a7 72 61 64 61 72 49 64 a3 32 30 30 
a4 74 79 70 65 a4 43 31 37 32 ac 72 65 67 69 73 74 72 61 74 69 6f 6e a6 4e 38 31 35 37 58 a6 6f 
72 69 67 69 6e a3 52 41 4c ab 64 65 73 74 69 6e 61 74 69 6f 6e a0 a6 66 6c 69 67 68 74 a0 a6 73 
71 75 61 77 6b a4 31 32 30 30 a8 6c 61 74 69 74 75 64 65 cb 40 40 eb 09 e9 8d cd b3 a9 6c 6f 6e 
67 69 74 75 64 65 cb c0 5d 62 a9 93 0b e0 df a5 74 72 61 63 6b cd 01 67 a8 61 6c 74 69 74 75 64 
65 cd 0b 54 a5 73 70 65 65 64 56 a8 6f 6e 47 72 6f 75 6e 64 c2 a6 76 53 70 65 65 64 d1 fd 40 a8 
63 61 6c 6c 73 69 67 6e a6 4e 38 31 35 37 58 aa 73 6f 75 72 63 65 54 79 70 65 a3 55 41 54 a3 65 
74 61 c0 a9 70 61 69 6e 74 65 64 41 73 c0 de 00 15 a8 66 6c 69 67 68 74 49 64 a8 34 30 31 62 64 
35 31 61 a9 74 69 6d 65 73 74 61 6d 70 cf 00 00 01 9e ae 84 08 48 aa 61 69 72 63 72 61 66 74 49 
64 a6 41 44 39 35 41 44 a7 72 61 64 61 72 49 64 a3 32 30 30 a4 74 79 70 65 a4 43 37 32 52 ac 72 
65 67 69 73 74 72 61 74 69 6f 6e a6 4e 39 37 34 36 42 a6 6f 72 69 67 69 6e a3 4c 56 4b ab 64 65 
73 74 69 6e 61 74 69 6f 6e a0 a6 66 6c 69 67 68 74 a0 a6 73 71 75 61 77 6b a4 33 36 31 31 a8 6c 
61 74 69 74 75 64 65 cb 40 40 e5 e0 b4 e1 1d bd a9 6c 6f 6e 67 69 74 75 64 65 cb c0 5d 66 8e 0c 
9d 9d 34 a5 74 72 61 63 6b cc 8b a8 61 6c 74 69 74 75 64 65 cd 2b c0 a5 73 70 65 65 64 cc 86 a8 
6f 6e 47 72 6f 75 6e 64 c2 a6 76 53 70 65 65 64 d1 ff 40 a8 63 61 6c 6c 73 69 67 6e a6 4e 39 37 
34 36 42 aa 73 6f 75 72 63 65 54 79 70 65 b4 41 44 53 2d 42 20 46 52 32 34 20 72 65 63 65 69 76 
65 72 73 a3 65 74 61 c0 a9 70 61 69 6e 74 65 64 41 73 c0 de 00 15 a8 66 6c 69 67 68 74 49 64 a8 
34 30 31 63 34 64 38 35 a9 74 69 6d 65 73 74 61 6d 70 cf 00 00 01 9e ae 84 08 48 aa 61 69 72 63 
72 61 66 74 49 64 a6 41 31 38 39 37 32 a7 72 61 64 61 72 49 64 a3 32 30 30 a4 74 79 70 65 a4 43 
31 37 32 ac 72 65 67 69 73 74 72 61 74 69 6f 6e a6 4e 31 39 38 38 36 a6 6f 72 69 67 69 6e a0 ab 
64 65 73 74 69 6e 61 74 69 6f 6e a0 a6 66 6c 69 67 68 74 a0 a6 73 71 75 61 77 6b a4 34 36 32 32 
a8 6c 61 74 69 74 75 64 65 cb 40 40 e6 37 8a b0 c8 8a a9 6c 6f 6e 67 69 74 75 64 65 cb c0 5d 5e 
83 12 6e 97 8d a5 74 72 61 63 6b cd 01 38 a8 61 6c 74 69 74 75 64 65 cd 1a 13 a5 73 70 65 65 64 
54 a8 6f 6e 47 72 6f 75 6e 64 c2 a6 76 53 70 65 65 64 cc 80 a8 63 61 6c 6c 73 69 67 6e a6 4e 31 
39 38 38 36 aa 73 6f 75 72 63 65 54 79 70 65 b4 41 44 53 2d 42 20 46 52 32 34 20 72 65 63 65 69 
76 65 72 73 a3 65 74 61 c0 a9 70 61 69 6e 74 65 64 41 73 c0 de 00 15 a8 66 6c 69 67 68 74 49 64 
a8 34 30 31 63 35 33 39 64 a9 74 69 6d 65 73 74 61 6d 70 cf 00 00 01 9e ae 84 08 48 aa 61 69 72 
63 72 61 66 74 49 64 a6 41 39 45 41 44 34 a7 72 61 64 61 72 49 64 a3 32 30 30 a4 74 79 70 65 a4 
43 31 37 32 ac 72 65 67 69 73 74 72 61 74 69 6f 6e a6 4e 37 33 38 58 44 a6 6f 72 69 67 69 6e a3 
43 4e 4f ab 64 65 73 74 69 6e 61 74 69 6f 6e a0 a6 66 6c 69 67 68 74 a0 a6 73 71 75 61 77 6b a4 
31 32 30 30 a8 6c 61 74 69 74 75 64 65 cb 40 40 fa fd 75 e2 04 6c a9 6c 6f 6e 67 69 74 75 64 65 
cb c0 5d 68 ed e5 4b 48 d4 a5 74 72 61 63 6b 59 a8 61 6c 74 69 74 75 64 65 cd 05 78 a5 73 70 65 
65 64 64 a8 6f 6e 47 72 6f 75 6e 64 c2 a6 76 53 70 65 65 64 40 a8 63 61 6c 6c 73 69 67 6e a6 4e 
37 33 38 58 44 aa 73 6f 75 72 63 65 54 79 70 65 b4 41 44 53 2d 42 20 46 52 32 34 20 72 65 63 65 
69 76 65 72 73 a3 65 74 61 c0 a9 70 61 69 6e 74 65 64 41 73 c0 de 00 15 a8 66 6c 69 67 68 74 49 
64 a8 34 30 31 63 34 65 33 66 a9 74 69 6d 65 73 74 61 6d 70 cf 00 00 01 9e ae 83 ec f0 aa 61 69 
72 63 72 61 66 74 49 64 a6 41 39 46 38 45 38 a7 72 61 64 61 72 49 64 a3 32 30 30 a4 74 79 70 65 
a4 50 32 38 41 ac 72 65 67 69 73 74 72 61 74 69 6f 6e a6 4e 37 34 31 32 4a a6 6f 72 69 67 69 6e 
a3 43 4e 4f ab 64 65 73 74 69 6e 61 74 69 6f 6e a0 a6 66 6c 69 67 68 74 a0 a6 73 71 75 61 77 6b 
a4 31 32 30 30 a8 6c 61 74 69 74 75 64 65 cb 40 40 fd 04 d5 51 d6 8c a9 6c 6f 6e 67 69 74 75 64 
65 cb c0 5d 68 5a 1c ac 08 31 a5 74 72 61 63 6b cd 01 0e a8 61 6c 74 69 74 75 64 65 cd 02 bc a5 
73 70 65 65 64 00 a8 6f 6e 47 72 6f 75 6e 64 c2 a6 76 53 70 65 65 64 00 a8 63 61 6c 6c 73 69 67 
6e a6 4e 37 34 31 32 4a aa 73 6f 75 72 63 65 54 79 70 65 b4 41 44 53 2d 42 20 46 52 32 34 20 72 
65 63 65 69 76 65 72 73 a3 65 74 61 c0 a9 70 61 69 6e 74 65 64 41 73 c0 de 00 15 a8 66 6c 69 67 
68 74 49 64 a8 34 30 31 63 32 36 63 62 a9 74 69 6d 65 73 74 61 6d 70 cf 00 00 01 9e ae 84 08 48 
aa 61 69 72 63 72 61 66 74 49 64 a6 41 35 37 42 39 37 a7 72 61 64 61 72 49 64 a3 32 30 30 a4 74 
79 70 65 a4 4d 32 30 50 ac 72 65 67 69 73 74 72 61 74 69 6f 6e a5 4e 34 35 32 58 a6 6f 72 69 67 
69 6e a3 43 43 42 ab 64 65 73 74 69 6e 61 74 69 6f 6e a0 a6 66 6c 69 67 68 74 a0 a6 73 71 75 61 
77 6b a4 31 32 30 30 a8 6c 61 74 69 74 75 64 65 cb 40 40 fc ea f2 51 c1 94 a9 6c 6f 6e 67 69 74 
75 64 65 cb c0 5d 67 aa cd 9e 83 e4 a5 74 72 61 63 6b cd 01 0c a8 61 6c 74 69 74 75 64 65 cd 03 
cf a5 73 70 65 65 64 49 a8 6f 6e 47 72 6f 75 6e 64 c2 a6 76 53 70 65 65 64 d1 ff 00 a8 63 61 6c 
6c 73 69 67 6e a5 4e 34 35 32 58 aa 73 6f 75 72 63 65 54 79 70 65 b4 41 44 53 2d 42 20 46 52 32 
34 20 72 65 63 65 69 76 65 72 73 a3 65 74 61 c0 a9 70 61 69 6e 74 65 64 41 73 c0 de 00 15 a8 66 
6c 69 67 68 74 49 64 a8 34 30 31 63 34 64 39 37 a9 74 69 6d 65 73 74 61 6d 70 cf 00 00 01 9e ae 
84 08 48 aa 61 69 72 63 72 61 66 74 49 64 a6 41 30 44 39 34 44 a7 72 61 64 61 72 49 64 a4 37 37 
34 32 a4 74 79 70 65 a4 53 32 32 54 ac 72 65 67 69 73 74 72 61 74 69 6f 6e a6 4e 31 35 34 43 52 
a6 6f 72 69 67 69 6e a0 ab 64 65 73 74 69 6e 61 74 69 6f 6e a0 a6 66 6c 69 67 68 74 a0 a6 73 71 
75 61 77 6b a4 30 32 30 34 a8 6c 61 74 69 74 75 64 65 cb 40 41 00 09 d4 95 18 2b a9 6c 6f 6e 67 
69 74 75 64 65 cb c0 5d 66 d9 be 4c d7 49 a5 74 72 61 63 6b 31 a8 61 6c 74 69 74 75 64 65 cd 21 
7f a5 73 70 65 65 64 cc 84 a8 6f 6e 47 72 6f 75 6e 64 c2 a6 76 53 70 65 65 64 cd 01 c0 a8 63 61 
6c 6c 73 69 67 6e a6 4e 31 35 34 43 52 aa 73 6f 75 72 63 65 54 79 70 65 a4 4d 4c 41 54 a3 65 74 
61 c0 a9 70 61 69 6e 74 65 64 41 73 c0 de 00 15 a8 66 6c 69 67 68 74 49 64 a8 34 30 31 63 30 36 
66 36 a9 74 69 6d 65 73 74 61 6d 70 cf 00 00 01 9e ae 84 00 78 aa 61 69 72 63 72 61 66 74 49 64 
a6 41 39 45 43 38 43 a7 72 61 64 61 72 49 64 a3 32 30 30 a4 74 79 70 65 a4 43 31 37 32 ac 72 65 
67 69 73 74 72 61 74 69 6f 6e a6 4e 37 33 39 41 54 a6 6f 72 69 67 69 6e a3 53 42 41 ab 64 65 73 
74 69 6e 61 74 69 6f 6e a3 53 42 44 a6 66 6c 69 67 68 74 a0 a6 73 71 75 61 77 6b a4 34 36 30 36 
a8 6c 61 74 69 74 75 64 65 cb 40 40 fc ef 88 b9 77 85 a9 6c 6f 6e 67 69 74 75 64 65 cb c0 5d 60 
cb fb 15 b5 74 a5 74 72 61 63 6b cd 01 07 a8 61 6c 74 69 74 75 64 65 cd 0b b8 a5 73 70 65 65 64 
54 a8 6f 6e 47 72 6f 75 6e 64 c2 a6 76 53 70 65 65 64 d1 fd 80 a8 63 61 6c 6c 73 69 67 6e a6 4e 
37 33 39 41 54 aa 73 6f 75 72 63 65 54 79 70 65 b4 41 44 53 2d 42 20 46 52 32 34 20 72 65 63 65 
69 76 65 72 73 a3 65 74 61 cf 00 00 01 9e ae 86 56 20 a9 70 61 69 6e 74 65 64 41 73 c0 de 00 15 
a8 66 6c 69 67 68 74 49 64 a8 34 30 31 63 34 36 30 30 a9 74 69 6d 65 73 74 61 6d 70 cf 00 00 01 
9e ae 83 fc 90 aa 61 69 72 63 72 61 66 74 49 64 a6 41 38 43 37 35 39 a7 72 61 64 61 72 49 64 a3 
32 30 30 a4 74 79 70 65 a4 41 32 31 4e ac 72 65 67 69 73 74 72 61 74 69 6f 6e a6 4e 36 36 35 46 
52 a6 6f 72 69 67 69 6e a3 4f 4e 54 ab 64 65 73 74 69 6e 61 74 69 6f 6e a3 4c 41 53 a6 66 6c 69 
67 68 74 a6 46 39 34 37 35 38 a6 73 71 75 61 77 6b a4 34 36 31 36 a8 6c 61 74 69 74 75 64 65 cb 
40 41 07 ad 6c b5 35 01 a9 6c 6f 6e 67 69 74 75 64 65 cb c0 5d 66 1a 0c f1 80 0a a5 74 72 61 63 
6b 00 a8 61 6c 74 69 74 75 64 65 00 a5 73 70 65 65 64 00 a8 6f 6e 47 72 6f 75 6e 64 c3 a6 76 53 
70 65 65 64 00 a8 63 61 6c 6c 73 69 67 6e a7 46 46 54 34 37 35 38 aa 73 6f 75 72 63 65 54 79 70 
65 b4 41 44 53 2d 42 20 46 52 32 34 20 72 65 63 65 69 76 65 72 73 a3 65 74 61 c0 a9 70 61 69 6e 
74 65 64 41 73 a3 46 46 54 de 00 15 a8 66 6c 69 67 68 74 49 64 a8 34 30 31 63 34 35 32 30 a9 74 
69 6d 65 73 74 61 6d 70 cf 00 00 01 9e ae 83 e9 08 aa 61 69 72 63 72 61 66 74 49 64 a6 41 31 43 
36 41 38 a7 72 61 64 61 72 49 64 a4 35 30 30 30 a4 74 79 70 65 a4 42 37 33 37 ac 72 65 67 69 73 
74 72 61 74 69 6f 6e a6 4e 32 31 33 57 4e a6 6f 72 69 67 69 6e a3 4f 4e 54 ab 64 65 73 74 69 6e 
61 74 69 6f 6e a3 53 4d 46 a6 66 6c 69 67 68 74 a5 57 4e 36 37 30 a6 73 71 75 61 77 6b a4 32 30 
30 34 a8 6c 61 74 69 74 75 64 65 cb 40 41 07 aa cd 9e 83 e4 a9 6c 6f 6e 67 69 74 75 64 65 cb c0 
5d 65 b5 c7 cd 89 8b a5 74 72 61 63 6b 00 a8 61 6c 74 69 74 75 64 65 00 a5 73 70 65 65 64 00 a8 
6f 6e 47 72 6f 75 6e 64 c3 a6 76 53 70 65 65 64 00 a8 63 61 6c 6c 73 69 67 6e a6 53 57 41 36 37 
30 aa 73 6f 75 72 63 65 54 79 70 65 b0 41 44 53 2d 42 20 56 6f 6c 75 6e 74 65 65 72 73 a3 65 74 
61 c0 a9 70 61 69 6e 74 65 64 41 73 a3 53 57 41 de 00 15 a8 66 6c 69 67 68 74 49 64 a8 34 30 31 
63 35 33 61 36 a9 74 69 6d 65 73 74 61 6d 70 cf 00 00 01 9e ae 84 04 60 aa 61 69 72 63 72 61 66 
74 49 64 a6 41 38 33 39 32 30 a7 72 61 64 61 72 49 64 a4 35 30 30 30 a4 74 79 70 65 a4 45 37 35 
4c ac 72 65 67 69 73 74 72 61 74 69 6f 6e a6 4e 36 32 39 51 58 a6 6f 72 69 67 69 6e a3 4f 4e 54 
ab 64 65 73 74 69 6e 61 74 69 6f 6e a3 53 54 53 a6 66 6c 69 67 68 74 a6 41 53 32 34 34 30 a6 73 
71 75 61 77 6b a4 37 32 32 33 a8 6c 61 74 69 74 75 64 65 cb 40 41 07 90 42 d8 c2 a4 a9 6c 6f 6e 
67 69 74 75 64 65 cb c0 5d 66 49 90 6c ca 2e a5 74 72 61 63 6b 5f a8 61 6c 74 69 74 75 64 65 00 
a5 73 70 65 65 64 00 a8 6f 6e 47 72 6f 75 6e 64 c3 a6 76 53 70 65 65 64 00 a8 63 61 6c 6c 73 69 
67 6e a7 51 58 45 32 34 34 30 aa 73 6f 75 72 63 65 54 79 70 65 b0 41 44 53 2d 42 20 56 6f 6c 75 
6e 74 65 65 72 73 a3 65 74 61 c0 a9 70 61 69 6e 74 65 64 41 73 a3 41 53 41 de 00 15 a8 66 6c 69 
67 68 74 49 64 a8 34 30 31 63 35 33 63 65 a9 74 69 6d 65 73 74 61 6d 70 cf 00 00 01 9e ae 83 f8 
a8 aa 61 69 72 63 72 61 66 74 49 64 a6 41 35 44 31 43 36 a7 72 61 64 61 72 49 64 a4 35 30 30 30 
a4 74 79 70 65 a4 42 37 35 32 ac 72 65 67 69 73 74 72 61 74 69 6f 6e a6 4e 34 37 34 55 50 a6 6f 
72 69 67 69 6e a3 4f 4e 54 ab 64 65 73 74 69 6e 61 74 69 6f 6e a3 44 45 4e a6 66 6c 69 67 68 74 
a6 35 58 35 38 30 36 a6 73 71 75 61 77 6b a4 36 37 32 31 a8 6c 61 74 69 74 75 64 65 cb 40 41 06 
66 66 66 66 66 a9 6c 6f 6e 67 69 74 75 64 65 cb c0 5d 65 2a 84 38 08 85 a5 74 72 61 63 6b cd 01 
65 a8 61 6c 74 69 74 75 64 65 00 a5 73 70 65 65 64 00 a8 6f 6e 47 72 6f 75 6e 64 c3 a6 76 53 70 
65 65 64 00 a8 63 61 6c 6c 73 69 67 6e a7 55 50 53 35 38 30 36 aa 73 6f 75 72 63 65 54 79 70 65 
b0 41 44 53 2d 42 20 56 6f 6c 75 6e 74 65 65 72 73 a3 65 74 61 c0 a9 70 61 69 6e 74 65 64 41 73 
a3 55 50 53 de 00 15 a8 66 6c 69 67 68 74 49 64 a8 34 30 31 63 35 35 62 62 a9 74 69 6d 65 73 74 
61 6d 70 cf 00 00 01 9e ae 83 e9 08 aa 61 69 72 63 72 61 66 74 49 64 a6 41 32 38 45 35 42 a7 72 
61 64 61 72 49 64 a4 35 30 30 30 a4 74 79 70 65 a4 42 37 36 33 ac 72 65 67 69 73 74 72 61 74 69 
6f 6e a6 4e 32 36 34 46 45 a6 6f 72 69 67 69 6e a3 4f 4e 54 ab 64 65 73 74 69 6e 61 74 69 6f 6e 
a0 a6 66 6c 69 67 68 74 a0 a6 73 71 75 61 77 6b a4 36 36 33 35 a8 6c 61 74 69 74 75 64 65 cb 40 
41 07 a2 f0 5a 70 8f a9 6c 6f 6e 67 69 74 75 64 65 cb c0 5d 67 c6 2a 1b 5c 7d a5 74 72 61 63 6b 
cc b4 a8 61 6c 74 69 74 75 64 65 00 a5 73 70 65 65 64 00 a8 6f 6e 47 72 6f 75 6e 64 c3 a6 76 53 
70 65 65 64 00 a8 63 61 6c 6c 73 69 67 6e a0 aa 73 6f 75 72 63 65 54 79 70 65 b0 41 44 53 2d 42 
20 56 6f 6c 75 6e 74 65 65 72 73 a3 65 74 61 c0 a9 70 61 69 6e 74 65 64 41 73 a3 46 44 58 de 00 
15 a8 66 6c 69 67 68 74 49 64 a8 34 30 31 63 35 32 31 36 a9 74 69 6d 65 73 74 61 6d 70 cf 00 00 
01 9e ae 84 00 78 aa 61 69 72 63 72 61 66 74 49 64 a6 41 42 42 32 32 31 a7 72 61 64 61 72 49 64 
a3 32 30 30 a4 74 79 70 65 a4 56 41 4c 49 ac 72 65 67 69 73 74 72 61 74 69 6f 6e a6 4e 38 35 32 
37 50 a6 6f 72 69 67 69 6e a3 43 43 42 ab 64 65 73 74 69 6e 61 74 69 6f 6e a0 a6 66 6c 69 67 68 
74 a0 a6 73 71 75 61 77 6b a4 30 30 30 30 a8 6c 61 74 69 74 75 64 65 cb 40 41 14 06 8d b8 ba c7 
a9 6c 6f 6e 67 69 74 75 64 65 cb c0 5d 6a 1d a7 b0 b3 92 a5 74 72 61 63 6b cc a1 a8 61 6c 74 69 
74 75 64 65 cd 11 30 a5 73 70 65 65 64 cc 89 a8 6f 6e 47 72 6f 75 6e 64 c2 a6 76 53 70 65 65 64 
cd 02 40 a8 63 61 6c 6c 73 69 67 6e a6 4e 38 35 32 37 50 aa 73 6f 75 72 63 65 54 79 70 65 a3 55 
41 54 a3 65 74 61 c0 a9 70 61 69 6e 74 65 64 41 73 c0 de 00 15 a8 66 6c 69 67 68 74 49 64 a8 34 
30 31 63 32 64 31 35 a9 74 69 6d 65 73 74 61 6d 70 cf 00 00 01 9e ae 84 04 60 aa 61 69 72 63 72 
61 66 74 49 64 a6 41 33 42 33 39 38 a7 72 61 64 61 72 49 64 a3 32 30 30 a4 74 79 70 65 a4 45 37 
35 4c ac 72 65 67 69 73 74 72 61 74 69 6f 6e a6 4e 33 33 38 41 53 a6 6f 72 69 67 69 6e a3 50 48 
58 ab 64 65 73 74 69 6e 61 74 69 6f 6e a3 42 55 52 a6 66 6c 69 67 68 74 a6 41 41 34 30 33 35 a6 
73 71 75 61 77 6b a4 31 36 32 32 a8 6c 61 74 69 74 75 64 65 cb 40 41 09 d1 a2 1e a3 59 a9 6c 6f 
6e 67 69 74 75 64 65 cb c0 5d 61 6b b9 8c 7e 28 a5 74 72 61 63 6b cd 01 19 a8 61 6c 74 69 74 75 
64 65 cd 27 42 a5 73 70 65 65 64 cd 01 3c a8 6f 6e 47 72 6f 75 6e 64 c2 a6 76 53 70 65 65 64 00 
a8 63 61 6c 6c 73 69 67 6e a7 45 4e 59 34 30 33 35 aa 73 6f 75 72 63 65 54 79 70 65 b4 41 44 53 
2d 42 20 46 52 32 34 20 72 65 63 65 69 76 65 72 73 a3 65 74 61 cf 00 00 01 9e ae 8c 80 40 a9 70 
61 69 6e 74 65 64 41 73 a3 41 41 4c de 00 15 a8 66 6c 69 67 68 74 49 64 a8 34 30 31 63 31 66 61 
35 a9 74 69 6d 65 73 74 61 6d 70 cf 00 00 01 9e ae 84 0c 30 aa 61 69 72 63 72 61 66 74 49 64 a6 
41 43 34 42 44 44 a7 72 61 64 61 72 49 64 a3 32 30 30 a4 74 79 70 65 a4 42 33 38 4d ac 72 65 67 
69 73 74 72 61 74 69 6f 6e a6 4e 38 39 31 33 53 a6 6f 72 69 67 69 6e a3 53 4d 46 ab 64 65 73 74 
69 6e 61 74 69 6f 6e a3 4f 4e 54 a6 66 6c 69 67 68 74 a6 57 4e 33 38 30 37 a6 73 71 75 61 77 6b 
a4 36 33 35 35 a8 6c 61 74 69 74 75 64 65 cb 40 41 51 e0 60 fe 47 99 a9 6c 6f 6e 67 69 74 75 64 
65 cb c0 5d 84 cd 74 92 79 14 a5 74 72 61 63 6b 7e a8 61 6c 74 69 74 75 64 65 cd 4e 20 a5 73 70 
65 65 64 cd 01 ba a8 6f 6e 47 72 6f 75 6e 64 c2 a6 76 53 70 65 65 64 d1 fe 80 a8 63 61 6c 6c 73 
69 67 6e a7 53 57 41 33 38 30 37 aa 73 6f 75 72 63 65 54 79 70 65 b4 41 44 53 2d 42 20 46 52 32 
34 20 72 65 63 65 69 76 65 72 73 a3 65 74 61 cf 00 00 01 9e ae 95 59 e0 a9 70 61 69 6e 74 65 64 
41 73 a3 53 57 41 de 00 15 a8 66 6c 69 67 68 74 49 64 a8 34 30 31 63 35 31 63 33 a9 74 69 6d 65 
73 74 61 6d 70 cf 00 00 01 9e ae 84 08 48 aa 61 69 72 63 72 61 66 74 49 64 a6 41 42 32 43 33 41 
a7 72 61 64 61 72 49 64 a3 32 30 30 a4 74 79 70 65 a4 43 37 30 30 ac 72 65 67 69 73 74 72 61 74 
69 6f 6e a6 4e 38 31 39 51 53 a6 6f 72 69 67 69 6e a3 42 55 52 ab 64 65 73 74 69 6e 61 74 69 6f 
6e a3 4c 41 53 a6 66 6c 69 67 68 74 a6 45 4a 41 38 31 39 a6 73 71 75 61 77 6b a4 34 37 33 34 a8 
6c 61 74 69 74 75 64 65 cb 40 41 55 c9 1d 14 e3 bd a9 6c 6f 6e 67 69 74 75 64 65 cb c0 5d 86 37 
8a b0 c8 8a a5 74 72 61 63 6b 4b a8 61 6c 74 69 74 75 64 65 cd 4a 38 a5 73 70 65 65 64 cd 01 b6 
a8 6f 6e 47 72 6f 75 6e 64 c2 a6 76 53 70 65 65 64 40 a8 63 61 6c 6c 73 69 67 6e a6 45 4a 41 38 
31 39 aa 73 6f 75 72 63 65 54 79 70 65 b4 41 44 53 2d 42 20 46 52 32 34 20 72 65 63 65 69 76 65 
72 73 a3 65 74 61 cf 00 00 01 9e ae a4 e6 58 a9 70 61 69 6e 74 65 64 41 73 a3 45 4a 41 de 00 15 
a8 66 6c 69 67 68 74 49 64 a8 34 30 31 63 33 33 38 35 a9 74 69 6d 65 73 74 61 6d 70 cf 00 00 01 
9e ae 83 fc 90 aa 61 69 72 63 72 61 66 74 49 64 a6 41 43 42 36 35 30 a7 72 61 64 61 72 49 64 a4 
35 30 30 30 a4 74 79 70 65 a4 43 31 37 32 ac 72 65 67 69 73 74 72 61 74 69 6f 6e a6 4e 39 31 38 
56 54 a6 6f 72 69 67 69 6e a3 51 54 43 ab 64 65 73 74 69 6e 61 74 69 6f 6e a0 a6 66 6c 69 67 68 
74 a0 a6 73 71 75 61 77 6b a4 31 32 30 30 a8 6c 61 74 69 74 75 64 65 cb 40 41 1b 5f 6f d2 1f f3 
a9 6c 6f 6e 67 69 74 75 64 65 cb c0 5d cd 10 4d 55 1d 69 a5 74 72 61 63 6b 5a a8 61 6c 74 69 74 
75 64 65 cd 03 84 a5 73 70 65 65 64 60 a8 6f 6e 47 72 6f 75 6e 64 c2 a6 76 53 70 65 65 64 00 a8 
63 61 6c 6c 73 69 67 6e a6 4e 39 31 38 56 54 aa 73 6f 75 72 63 65 54 79 70 65 b0 41 44 53 2d 42 
20 56 6f 6c 75 6e 74 65 65 72 73 a3 65 74 61 c0 a9 70 61 69 6e 74 65 64 41 73 c0 de 00 15 a8 66 
6c 69 67 68 74 49 64 a8 34 30 31 63 34 63 36 65 a9 74 69 6d 65 73 74 61 6d 70 cf 00 00 01 9e ae 
84 04 60 aa 61 69 72 63 72 61 66 74 49 64 a6 41 38 39 36 45 44 a7 72 61 64 61 72 49 64 a4 35 30 
30 30 a4 74 79 70 65 a4 43 31 37 32 ac 72 65 67 69 73 74 72 61 74 69 6f 6e a6 4e 36 35 32 33 44 
a6 6f 72 69 67 69 6e a3 51 54 43 ab 64 65 73 74 69 6e 61 74 69 6f 6e a0 a6 66 6c 69 67 68 74 a0 
a6 73 71 75 61 77 6b a4 31 32 30 30 a8 6c 61 74 69 74 75 64 65 cb 40 41 1b 61 13 40 4e a5 a9 6c 
6f 6e 67 69 74 75 64 65 cb c0 5d cf 15 8b 82 7f a2 a5 74 72 61 63 6b 15 a8 61 6c 74 69 74 75 64 
65 cd 04 4c a5 73 70 65 65 64 59 a8 6f 6e 47 72 6f 75 6e 64 c2 a6 76 53 70 65 65 64 40 a8 63 61 
6c 6c 73 69 67 6e a6 4e 36 35 32 33 44 aa 73 6f 75 72 63 65 54 79 70 65 b0 41 44 53 2d 42 20 56 
6f 6c 75 6e 74 65 65 72 73 a3 65 74 61 c0 a9 70 61 69 6e 74 65 64 41 73 c0 de 00 15 a8 66 6c 69 
67 68 74 49 64 a8 34 30 31 63 34 64 65 62 a9 74 69 6d 65 73 74 61 6d 70 cf 00 00 01 9e ae 84 08 
48 aa 61 69 72 63 72 61 66 74 49 64 a6 41 34 46 38 45 30 a7 72 61 64 61 72 49 64 a3 32 30 30 a4 
74 79 70 65 a4 44 41 34 32 ac 72 65 67 69 73 74 72 61 74 69 6f 6e a6 4e 34 31 39 37 44 a6 6f 72 
69 67 69 6e a3 51 54 43 ab 64 65 73 74 69 6e 61 74 69 6f 6e a0 a6 66 6c 69 67 68 74 a0 a6 73 71 
75 61 77 6b a4 31 32 30 30 a8 6c 61 74 69 74 75 64 65 cb 40 41 16 d5 27 e5 21 57 a9 6c 6f 6e 67 
69 74 75 64 65 cb c0 5d ce 4c 2f 83 7b 4a a5 74 72 61 63 6b cc db a8 61 6c 74 69 74 75 64 65 cd 
11 df a5 73 70 65 65 64 69 a8 6f 6e 47 72 6f 75 6e 64 c2 a6 76 53 70 65 65 64 cc c0 a8 63 61 6c 
6c 73 69 67 6e a6 4e 34 31 39 37 44 aa 73 6f 75 72 63 65 54 79 70 65 b4 41 44 53 2d 42 20 46 52 
32 34 20 72 65 63 65 69 76 65 72 73 a3 65 74 61 c0 a9 70 61 69 6e 74 65 64 41 73 c0 de 00 15 a8 
66 6c 69 67 68 74 49 64 a8 34 30 31 63 32 65 38 35 a9 74 69 6d 65 73 74 61 6d 70 cf 00 00 01 9e 
ae 83 b6 40 aa 61 69 72 63 72 61 66 74 49 64 a6 41 39 42 43 38 33 a7 72 61 64 61 72 49 64 a4 35 
30 30 30 a4 74 79 70 65 a4 43 31 37 32 ac 72 65 67 69 73 74 72 61 74 69 6f 6e a6 4e 37 32 36 32 
51 a6 6f 72 69 67 69 6e a3 53 5a 50 ab 64 65 73 74 69 6e 61 74 69 6f 6e a0 a6 66 6c 69 67 68 74 
a0 a6 73 71 75 61 77 6b a4 30 30 30 30 a8 6c 61 74 69 74 75 64 65 cb 40 41 19 8e 75 79 28 e1 a9 
6c 6f 6e 67 69 74 75 64 65 cb c0 5d cc ce c4 1d d1 a2 a5 74 72 61 63 6b 5a a8 61 6c 74 69 74 75 
64 65 00 a5 73 70 65 65 64 00 a8 6f 6e 47 72 6f 75 6e 64 c3 a6 76 53 70 65 65 64 00 a8 63 61 6c 
6c 73 69 67 6e a6 4e 37 32 36 32 51 aa 73 6f 75 72 63 65 54 79 70 65 b0 41 44 53 2d 42 20 56 6f 
6c 75 6e 74 65 65 72 73 a3 65 74 61 c0 a9 70 61 69 6e 74 65 64 41 73 c0 de 00 15 a8 66 6c 69 67 
68 74 49 64 a8 34 30 31 62 36 31 65 66 a9 74 69 6d 65 73 74 61 6d 70 cf 00 00 01 9e ae 84 04 60 
aa 61 69 72 63 72 61 66 74 49 64 a6 41 31 46 37 46 42 a7 72 61 64 61 72 49 64 a3 32 30 30 a4 74 
79 70 65 a4 41 32 31 4e ac 72 65 67 69 73 74 72 61 74 69 6f 6e a6 4e 32 32 36 48 41 a6 6f 72 69 
67 69 6e a3 48 4e 4c ab 64 65 73 74 69 6e 61 74 69 6f 6e a3 53 41 4e a6 66 6c 69 67 68 74 a5 41 
53 39 30 34 a6 73 71 75 61 77 6b a4 32 36 34 36 a8 6c 61 74 69 74 75 64 65 cb 40 40 a6 56 57 fb 
69 98 a9 6c 6f 6e 67 69 74 75 64 65 cb c0 5d 79 ec 56 d5 cf ab a5 74 72 61 63 6b 64 a8 61 6c 74 
69 74 75 64 65 cd 55 0f a5 73 70 65 65 64 cd 01 cc a8 6f 6e 47 72 6f 75 6e 64 c2 a6 76 53 70 65 
65 64 d1 f9 80 a8 63 61 6c 6c 73 69 67 6e a6 41 53 41 39 30 34 aa 73 6f 75 72 63 65 54 79 70 65 
b4 41 44 53 2d 42 20 46 52 32 34 20 72 65 63 65 69 76 65 72 73 a3 65 74 61 cf 00 00 01 9e ae 97 
69 38 a9 70 61 69 6e 74 65 64 41 73 a3 41 53 41 de 00 15 a8 66 6c 69 67 68 74 49 64 a8 34 30 31 
63 33 32 35 62 a9 74 69 6d 65 73 74 61 6d 70 cf 00 00 01 9e ae 84 0c 30 aa 61 69 72 63 72 61 66 
74 49 64 a6 41 37 30 39 36 35 a7 72 61 64 61 72 49 64 a3 32 30 30 a4 74 79 70 65 a4 43 31 37 32 
ac 72 65 67 69 73 74 72 61 74 69 6f 6e a6 4e 35 35 32 31 53 a6 6f 72 69 67 69 6e a3 4d 59 46 ab 
64 65 73 74 69 6e 61 74 69 6f 6e a0 a6 66 6c 69 67 68 74 a0 a6 73 71 75 61 77 6b a4 32 30 37 37 
a8 6c 61 74 69 74 75 64 65 cb 40 40 b2 c7 b8 90 d5 a6 a9 6c 6f 6e 67 69 74 75 64 65 cb c0 5d 70 
85 33 b1 07 74 a5 74 72 61 63 6b cd 01 32 a8 61 6c 74 69 74 75 64 65 cd 19 96 a5 73 70 65 65 64 
62 a8 6f 6e 47 72 6f 75 6e 64 c2 a6 76 53 70 65 65 64 00 a8 63 61 6c 6c 73 69 67 6e a6 4e 35 35 
32 31 53 aa 73 6f 75 72 63 65 54 79 70 65 b4 41 44 53 2d 42 20 46 52 32 34 20 72 65 63 65 69 76 
65 72 73 a3 65 74 61 c0 a9 70 61 69 6e 74 65 64 41 73 c0 de 00 15 a8 66 6c 69 67 68 74 49 64 a8 
34 30 31 63 33 34 39 37 a9 74 69 6d 65 73 74 61 6d 70 cf 00 00 01 9e ae 82 d3 b0 aa 61 69 72 63 
72 61 66 74 49 64 a6 41 41 34 35 33 35 a7 72 61 64 61 72 49 64 a4 37 37 34 32 a4 74 79 70 65 a4 
43 31 37 32 ac 72 65 67 69 73 74 72 61 74 69 6f 6e a6 4e 37 36 30 39 31 a6 6f 72 69 67 69 6e a0 
ab 64 65 73 74 69 6e 61 74 69 6f 6e a0 a6 66 6c 69 67 68 74 a0 a6 73 71 75 61 77 6b a4 31 32 30 
30 a8 6c 61 74 69 74 75 64 65 cb 40 40 e1 f4 0a 28 77 ee a9 6c 6f 6e 67 69 74 75 64 65 cb c0 5d 
5c d2 5e dd 05 29 a5 74 72 61 63 6b cc 9d a8 61 6c 74 69 74 75 64 65 cd 0d c5 a5 73 70 65 65 64 
cc 82 a8 6f 6e 47 72 6f 75 6e 64 c2 a6 76 53 70 65 65 64 40 a8 63 61 6c 6c 73 69 67 6e a6 4e 37 
36 30 39 31 aa 73 6f 75 72 63 65 54 79 70 65 aa 53 69 6d 75 6c 61 74 69 6f 6e a3 65 74 61 c0 a9 
70 61 69 6e 74 65 64 41 73 c0 de 00 15 a8 66 6c 69 67 68 74 49 64 a8 34 30 31 62 63 35 62 30 a9 
74 69 6d 65 73 74 61 6d 70 cf 00 00 01 9e ae 84 04 60 aa 61 69 72 63 72 61 66 74 49 64 a6 41 30 
44 38 45 43 a7 72 61 64 61 72 49 64 a3 32 30 30 a4 74 79 70 65 a4 43 31 37 32 ac 72 65 67 69 73 
74 72 61 74 69 6f 6e a6 4e 31 35 33 39 45 a6 6f 72 69 67 69 6e a3 43 4e 4f ab 64 65 73 74 69 6e 
61 74 69 6f 6e a0 a6 66 6c 69 67 68 74 a0 a6 73 71 75 61 77 6b a4 31 32 30 30 a8 6c 61 74 69 74 
75 64 65 cb 40 40 ee 11 87 e7 c0 6e a9 6c 6f 6e 67 69 74 75 64 65 cb c0 5d 5e ea 4a 8c 15 4d a5 
74 72 61 63 6b cd 01 24 a8 61 6c 74 69 74 75 64 65 cd 09 60 a5 73 70 65 65 64 4a a8 6f 6e 47 72 
6f 75 6e 64 c2 a6 76 53 70 65 65 64 d0 80 a8 63 61 6c 6c 73 69 67 6e a6 4e 31 35 33 39 45 aa 73 
6f 75 72 63 65 54 79 70 65 b4 41 44 53 2d 42 20 46 52 32 34 20 72 65 63 65 69 76 65 72 73 a3 65 
74 61 c0 a9 70 61 69 6e 74 65 64 41 73 c0 de 00 15 a8 66 6c 69 67 68 74 49 64 a8 34 30 31 63 33 
61 37 31 a9 74 69 6d 65 73 74 61 6d 70 cf 00 00 01 9e ae 84 08 48 aa 61 69 72 63 72 61 66 74 49 
64 a6 41 39 45 36 35 44 a7 72 61 64 61 72 49 64 a3 32 30 30 a4 74 79 70 65 a4 43 31 37 32 ac 72 
65 67 69 73 74 72 61 74 69 6f 6e a6 4e 37 33 37 50 4d a6 6f 72 69 67 69 6e a0 ab 64 65 73 74 69 
6e 61 74 69 6f 6e a0 a6 66 6c 69 67 68 74 a0 a6 73 71 75 61 77 6b a4 31 32 30 30 a8 6c 61 74 69 
74 75 64 65 cb 40 40 ef 03 07 f2 3c c9 a9 6c 6f 6e 67 69 74 75 64 65 cb c0 5d 5f c4 5c bb c2 b9 
a5 74 72 61 63 6b cd 01 60 a8 61 6c 74 69 74 75 64 65 cd 0f a0 a5 73 70 65 65 64 58 a8 6f 6e 47 
72 6f 75 6e 64 c2 a6 76 53 70 65 65 64 cd 01 00 a8 63 61 6c 6c 73 69 67 6e a6 4e 37 33 37 50 4d 
aa 73 6f 75 72 63 65 54 79 70 65 b4 41 44 53 2d 42 20 46 52 32 34 20 72 65 63 65 69 76 65 72 73 
a3 65 74 61 c0 a9 70 61 69 6e 74 65 64 41 73 c0 de 00 15 a8 66 6c 69 67 68 74 49 64 a8 34 30 31 
63 35 34 32 61 a9 74 69 6d 65 73 74 61 6d 70 cf 00 00 01 9e ae 84 04 60 aa 61 69 72 63 72 61 66 
74 49 64 a6 41 33 45 42 39 43 a7 72 61 64 61 72 49 64 a3 32 30 30 a4 74 79 70 65 a4 43 31 37 32 
ac 72 65 67 69 73 74 72 61 74 69 6f 6e a6 4e 33 35 31 35 53 a6 6f 72 69 67 69 6e a3 43 4e 4f ab 
64 65 73 74 69 6e 61 74 69 6f 6e a0 a6 66 6c 69 67 68 74 a0 a6 73 71 75 61 77 6b a4 31 32 30 30 
a8 6c 61 74 69 74 75 64 65 cb 40 40 ee a0 ba 1f 4b 1f a9 6c 6f 6e 67 69 74 75 64 65 cb c0 5d 60 
73 04 03 9a bf a5 74 72 61 63 6b 66 a8 61 6c 74 69 74 75 64 65 cd 0d 2f a5 73 70 65 65 64 52 a8 
6f 6e 47 72 6f 75 6e 64 c2 a6 76 53 70 65 65 64 cd 01 80 a8 63 61 6c 6c 73 69 67 6e a6 4e 33 35 
31 35 53 aa 73 6f 75 72 63 65 54 79 70 65 b4 41 44 53 2d 42 20 46 52 32 34 20 72 65 63 65 69 76 
65 72 73 a3 65 74 61 c0 a9 70 61 69 6e 74 65 64 41 73 c0 de 00 15 a8 66 6c 69 67 68 74 49 64 a8 
34 30 31 63 34 34 39 39 a9 74 69 6d 65 73 74 61 6d 70 cf 00 00 01 9e ae 84 08 48 aa 61 69 72 63 
72 61 66 74 49 64 a6 41 38 31 42 43 34 a7 72 61 64 61 72 49 64 a3 32 30 30 a4 74 79 70 65 a4 42 
37 34 38 ac 72 65 67 69 73 74 72 61 74 69 6f 6e a6 4e 36 32 31 55 50 a6 6f 72 69 67 69 6e a3 4f 
4e 54 ab 64 65 73 74 69 6e 61 74 69 6f 6e a3 53 44 46 a6 66 6c 69 67 68 74 a6 35 58 32 39 31 35 
a6 73 71 75 61 77 6b a4 32 30 32 33 a8 6c 61 74 69 74 75 64 65 cb 40 40 f1 c6 d1 e1 08 c4 a9 6c 
6f 6e 67 69 74 75 64 65 cb c0 5d 60 4b b1 af 3a 15 a5 74 72 61 63 6b cc 90 a8 61 6c 74 69 74 75 
64 65 cd 1b a3 a5 73 70 65 65 64 cd 01 22 a8 6f 6e 47 72 6f 75 6e 64 c2 a6 76 53 70 65 65 64 00 
a8 63 61 6c 6c 73 69 67 6e a7 55 50 53 32 39 31 35 aa 73 6f 75 72 63 65 54 79 70 65 b4 41 44 53 
2d 42 20 46 52 32 34 20 72 65 63 65 69 76 65 72 73 a3 65 74 61 c0 a9 70 61 69 6e 74 65 64 41 73 
a3 55 50 53 de 00 15 a8 66 6c 69 67 68 74 49 64 a8 34 30 31 63 33 32 38 30 a9 74 69 6d 65 73 74 
61 6d 70 cf 00 00 01 9e ae 84 08 48 aa 61 69 72 63 72 61 66 74 49 64 a6 41 33 35 44 38 35 a7 72 
61 64 61 72 49 64 a3 32 30 30 a4 74 79 70 65 a4 50 32 38 52 ac 72 65 67 69 73 74 72 61 74 69 6f 
6e a6 4e 33 31 36 45 46 a6 6f 72 69 67 69 6e a3 56 4e 59 ab 64 65 73 74 69 6e 61 74 69 6f 6e a0 
a6 66 6c 69 67 68 74 a0 a6 73 71 75 61 77 6b a4 30 30 30 30 a8 6c 61 74 69 74 75 64 65 cb 40 40 
fd 4c 44 7c 30 d3 a9 6c 6f 6e 67 69 74 75 64 65 cb c0 5d 5b ef 73 c0 c1 fd a5 74 72 61 63 6b cd 
01 0a a8 61 6c 74 69 74 75 64 65 cd 0b 54 a5 73 70 65 65 64 62 a8 6f 6e 47 72 6f 75 6e 64 c2 a6 
76 53 70 65 65 64 d0 c0 a8 63 61 6c 6c 73 69 67 6e a6 4e 33 31 36 45 46 aa 73 6f 75 72 63 65 54 
79 70 65 a3 55 41 54 a3 65 74 61 c0 a9 70 61 69 6e 74 65 64 41 73 c0 de 00 15 a8 66 6c 69 67 68 
74 49 64 a8 34 30 31 63 31 31 36 64 a9 74 69 6d 65 73 74 61 6d 70 cf 00 00 01 9e ae 84 04 60 aa 
61 69 72 63 72 61 66 74 49 64 a6 41 37 44 44 42 44 a7 72 61 64 61 72 49 64 a3 32 30 30 a4 74 79 
70 65 a4 43 35 36 58 ac 72 65 67 69 73 74 72 61 74 69 6f 6e a6 4e 36 30 36 43 42 a6 6f 72 69 67 
69 6e a3 53 4c 43 ab 64 65 73 74 69 6e 61 74 69 6f 6e a3 4c 41 58 a6 66 6c 69 67 68 74 a6 43 42 
43 36 30 36 a6 73 71 75 61 77 6b a4 36 30 34 30 a8 6c 61 74 69 74 75 64 65 cb 40 41 08 e6 08 07 
35 7e a9 6c 6f 6e 67 69 74 75 64 65 cb c0 5d 60 a4 a8 c1 54 ca a5 74 72 61 63 6b cc f8 a8 61 6c 
74 69 74 75 64 65 cd 2e 7c a5 73 70 65 65 64 cd 01 30 a8 6f 6e 47 72 6f 75 6e 64 c2 a6 76 53 70 
65 65 64 d1 fb c0 a8 63 61 6c 6c 73 69 67 6e a6 43 42 43 36 30 36 aa 73 6f 75 72 63 65 54 79 70 
65 b4 41 44 53 2d 42 20 46 52 32 34 20 72 65 63 65 69 76 65 72 73 a3 65 74 61 cf 00 00 01 9e ae 
8f 3b 78 a9 70 61 69 6e 74 65 64 41 73 a3 43 42 43 de 00 15 a8 66 6c 69 67 68 74 49 64 a8 34 30 
31 63 35 33 61 32 a9 74 69 6d 65 73 74 61 6d 70 cf 00 00 01 9e ae 84 08 48 aa 61 69 72 63 72 61 
66 74 49 64 a6 41 43 44 42 35 42 a7 72 61 64 61 72 49 64 a3 32 30 30 a4 74 79 70 65 a4 48 35 30 
30 ac 72 65 67 69 73 74 72 61 74 69 6f 6e a6 4e 39 32 37 36 46 a6 6f 72 69 67 69 6e a3 43 4e 4f 
ab 64 65 73 74 69 6e 61 74 69 6f 6e a0 a6 66 6c 69 67 68 74 a0 a6 73 71 75 61 77 6b a4 31 32 30 
30 a8 6c 61 74 69 74 75 64 65 cb 40 41 04 97 b7 41 4a 4d a9 6c 6f 6e 67 69 74 75 64 65 cb c0 5d 
5f 95 81 06 24 dd a5 74 72 61 63 6b 27 a8 61 6c 74 69 74 75 64 65 cd 06 40 a5 73 70 65 65 64 78 
a8 6f 6e 47 72 6f 75 6e 64 c2 a6 76 53 70 65 65 64 cd 01 c0 a8 63 61 6c 6c 73 69 67 6e a6 4e 39 
32 37 36 46 aa 73 6f 75 72 63 65 54 79 70 65 b4 41 44 53 2d 42 20 46 52 32 34 20 72 65 63 65 69 
76 65 72 73 a3 65 74 61 c0 a9 70 61 69 6e 74 65 64 41 73 c0 